개체1,액션1,감정1,"URL(공포,놀람,분노,슬픔,중립,행복,혐오)",,,,,,,,
"에비츄,눈물","울,파묻히,묻히",슬픔,https://jjalbang.today/files/jjalbox/2017/12/20171209_5a2ad145ebf54.gif,,,,,,,,
"에비츄,눈물","울,짠하,안타깝",슬픔,https://jjalbang.today/files/jjalbox/2016/08/20160818_57b542341b63f.jpg,,,,,,,,
"에비츄,눈물","기어가,귀엽",슬픔,https://jjalbang.today/files/jjalbox/2016/08/20160818_57b5426a26694.gif,,,,,,,,
"에비츄,문","서운,섭섭",,https://jjalbang.today/files/jjalbox/2020/10/20201031_5f9d63cc61901.jpeg,,,,,,,,
"에비츄,당황",놀라,놀람,https://jjalbang.today/files/jjalbox/2015/03/89_55169e24c389e_1599.png,,,,,,,,
"에비츄,투정","열,부리",슬픔,https://jjalbang.today/files/jjalbox/2020/09/20200913_5f5dfec85f7e7.gif,,,,,,,,
"에비츄,먹방,폭식,다이어트",먹,,https://jjalbang.today/files/jjalbox/2020/09/20200921_5f68ccc551abf.gif,,,,,,,,
"에비츄,잠","자,일어나,깨",,https://jjalbang.today/files/jjalbox/2016/08/20160818_57b5428f94d55.gif,,,,,,,,
"에비츄,멘붕",,,https://jjalbang.today/files/jjalbox/2016/09/20160910_57d3b07768682.jpg,,,,,,,,
"팩트,폭행,만화",,,https://bunny.jjalbot.com/2016/10/SywH8aUC/20160905_57cd0affc8458.png,,,,,,,,
"무한도전,무도,유재석",지치,,https://jjalbang.today/files/jjalbox/2021/12/20211227_61c95eebefcb0.gif,,,,,,,,
"무한도전,무도,하하,거짓말,허언",,,https://jjalbang.today/files/jjalbox/2021/12/20211226_61c822109151b.jpg,,,,,,,,
"성동일,의문","황당,내가?,왜?",,https://jjalbang.today/files/jjalbox/2021/12/20211226_61c82144a4778.jpg,,,,,,,,
"전현무,융통성,답답",없,,https://jjalbang.today/files/jjalbox/2021/12/20211226_61c82059e4fba.jpg,,,,,,,,
"정준하,무도,무한도전","열받,빡,웃지마",분노,https://jjalbang.today/files/jjalbox/2021/12/20211226_61c81fc47e64d.jpg,,,,,,,,
웃음,웃,,https://jjalbang.today/files/jjalbox/2021/12/20211226_61c81f8fc0894.gif,,,,,,,,
"레오나르도,디카프리오,레오나르도 디카프리오,한잔",,,https://jjalbang.today/files/jjalbox/2021/12/20211203_61aa87e76f84e.jpg,,,,,,,,
"이경영,진행시켜",,,https://jjalbang.today/files/jjalbox/2021/11/20211123_619d0e55b5baf.jpg,,,,,,,,
"무한도전,무도,하하",못마땅,혐오,https://jjalbang.today/files/jjalbox/2021/10/20211029_617bba57115dc.gif,,,,,,,,
"짱구,짱아,땡깡,분노,화남",빡침,분노,https://bunny.jjalbot.com/2018/12/4yaT0prdK/zzal.jpg,,,,,,,,
"춤,신남,고개",,행복,https://jjalbang.today/files/jjalbox/2021/10/20211019_616ed670420e4.gif,,,,,,,,
"노잼,관객,야인시대,지루",,중립,https://jjalbang.today/files/jjalbox/2021/10/20211019_616ed0a0e5137.jpg,,,,,,,,
"아다치,비웃음",,,https://jjalbang.today/files/jjalbox/2021/10/20211019_616ec9ef60131.gif,,,,,,,,
"고구마,모죠,모죠의 일지,웹툰",답답,,https://jjalbang.today/files/jjalbox/2021/10/20211019_616ec92d5bd03.jpg,,,,,,,,
"모죠,모죠의 일지,웹툰,기절",약오르,,https://jjalbang.today/files/jjalbox/2021/10/20211019_616ec875d2f37.jpg,,,,,,,,
"귀여워,손가락,만화",,,https://bunny.jjalbot.com/2018/12/qXdIxpDVf/zzal.jpg,,,,,,,,
아이유,"안사요,꺼지",,https://jjalbang.today/files/jjalbox/2021/10/20211011_6163b7d97ba99.gif,,,,,,,,
"혜리,ㅅㅂ,식빵,욕,ㅆㅂ","열받,닥치",분노,https://jjalbang.today/files/jjalbox/2021/10/20211008_615fb7598857a.gif,,,,,,,,
"전재산,거지",돈없어,,https://jjalbang.today/files/jjalbox/2021/10/20211007_615ec6afcb686.jpg,,,,,,,,
,소리치,,https://bunny.jjalbot.com/2018/12/rySVxRNMlE/20170103_586b3c6171561.jpg,,,,,,,,
"김성균,사장님,응답하라",아이고,,https://jjalbang.today/files/jjalbox/2021/10/20211007_615e9e7344204.gif,,,,,,,,
"전광렬,행복,크림빵",,행복,https://jjalbang.today/files/jjalbox/2021/10/20211001_615678e57105e.gif,,,,,,,,
"전광렬,화나","답답,열받",,https://jjalbang.today/files/jjalbox/2021/10/20211001_61567099ebdac.gif,,,,,,,,
"전광렬,분노,화나",죽,분노,https://jjalbang.today/files/jjalbox/2021/10/20211001_615676cd7ee4a.gif,,,,,,,,
"황정민,두통,분노,화나,신세계","답답,열받",,https://jjalbang.today/files/jjalbox/2021/10/20211001_61566ff266649.gif,,,,,,,,
"고독,청승,혼자",,,https://jjalbang.today/files/jjalbox/2021/09/20210925_614f08322792f.gif,,,,,,,,
"주식,병나발,소주병,코인,천호진,비트코인","망하,떡락",,https://jjalbang.today/files/jjalbox/2021/09/20210923_614c9c7b2e2b5.gif,,,,,,,,
"얼굴,무도,무한도전","못생기,놀리",,https://jjalbang.today/files/jjalbox/2021/09/20210923_614c2061ac346.jpg,,,,,,,,
"ㅅㅂ,식빵,욕,ㅆㅂ",꺼지,,https://jjalbang.today/files/jjalbox/2021/09/20210923_614c1971c152c.gif,,,,,,,,
"코난,조준,시계,정조누,명탐정",,,https://jjalbang.today/files/jjalbox/2021/09/20210916_61437757015bd.jpg,,,,,,,,
"귀귀,만화","흐뭇,그윽",,https://jjalbang.today/files/jjalbox/2021/09/20210921_614a0d9f07e35.jpeg,,,,,,,,
"짱구,기쁨","흐뭇,좋,기쁘",행복,https://jjalbang.today/files/jjalbox/2021/09/20210916_6143763f38b04.gif,,,,,,,,
"오늘,여기까지,유재석,무도,무한도전",그만,,https://jjalbang.today/files/jjalbox/2021/09/20210916_614375bacb639.jpg,,,,,,,,
가면라이더,"뚫어지,쳐다보",,https://jjalbang.today/files/jjalbox/2021/09/20210913_613eec538195c.jpg,,,,,,,,
"손현주,비트코인,코인,거지,담배,파산",,,https://jjalbang.today/files/jjalbox/2021/08/20210813_611608b5a1611.gif,,,,,,,,
"박진영,중성화수술,중성,수술,넥카라",,,https://jjalbang.today/files/jjalbox/2021/06/20210629_60dac5d3bc3d7.jpg,,,,,,,,
"무한도전,무도,정준하,주먹",,,https://jjalbang.today/files/jjalbox/2021/06/20210623_60d30c6644c7b.jpg,,,,,,,,
"강호,도리,",어이없,,https://jjalbang.today/files/jjalbox/2021/06/20210625_60d57fdde1573.jpg,,,,,,,,
성동일,"저요,손들",,https://jjalbang.today/files/jjalbox/2021/06/20210628_60d9a1a7864e0.jpg,,,,,,,,
공부,싫어,,https://bunny.jjalbot.com/2018/12/wLf4zuiAP/zzal.jpg,,,,,,,,
"분노,화남,김래원,해바라기","후련,가져가",,https://jjalbang.today/files/jjalbox/2021/06/20210615_60c852566ea37.jpg,,,,,,,,
"엑스,끝,축구","여기까지,그만",,https://jjalbang.today/files/jjalbox/2015/03/85_55169cb29da6b_1056.jpg,,,,,,,,
"입,무한도전,무도,유재석,정준하,","다물,닫",,https://jjalbang.today/files/jjalbox/2021/06/20210620_60cf607221292.jpg,,,,,,,,
"박명수,무도,무한도전,","좋아하,척하",,https://jjalbang.today/files/jjalbox/2021/06/20210620_60cf614770b2c.jpg,,,,,,,,
"눈동자,건배,술잔,술",,,https://jjalbang.today/files/jjalbox/2021/06/20210621_60d036f9096d9.jpeg,,,,,,,,
"박진영,jyp,건배,술잔,술,남친짤",,,https://jjalbang.today/files/jjalbox/2021/06/20210621_60d038180de55.jpg,,,,,,,,
"처음,광경,","깜놀,보,신기,황당",놀람,https://jjalbang.today/files/jjalbox/2021/06/20210623_60d29fe6071ce.jpg,,,,,,,,
"원숭이,담배,흡연",펴,,https://jjalbang.today/files/jjalbox/2021/06/20210623_60d2a2eee5147.jpg,,,,,,,,
"놀람,감동,원숭이","입틀막,말잇못",중립,https://jjalbang.today/files/jjalbox/2021/06/20210623_60d2a225a9c30.jpg,,,,,,,,
"무한도전,무도,유재석,?,물음표,의문","놀라,뭐야",,https://jjalbang.today/files/jjalbox/2021/06/20210623_60d2eec410f33.jpg,,,,,,,,
"안선생님,슬램덩크,성장",않았,,https://jjalbang.today/files/jjalbox/2021/06/20210623_60d2f0ee6cbb0.jpg,,,,,,,,
"강아지,개","기다려,안절부절",,https://jjalbang.today/files/jjalbox/2021/06/20210623_60d2f2c8010ec.gif,,,,,,,,
"기안84,기안,분노,양치,양치질,나혼자산다,나혼산,샤워",벅벅,,https://jjalbang.today/files/jjalbox/2021/06/20210612_60c4ce30a9b5b.gif,,,,,,,,
"마동석,오레오,까불지마","못죽일,죽고싶",분노,https://jjalbang.today/files/jjalbox/2021/06/20210612_60c4b836d5715.jpg,,,,,,,,
"마동석,관속,매장","죽고싶,뒤지",분노,https://jjalbang.today/files/jjalbox/2021/06/20210612_60c4b74ee7208.jpg,,,,,,,,
"나혼자산다,나혼산,장도연,피곤,짜증",,,https://jjalbang.today/files/jjalbox/2021/06/20210612_60c4d7d0c5a0a.jpg,,,,,,,,
강호동,웃,,https://jjalbang.today/files/jjalbox/2021/06/20210612_60c4de716f162.jpg,,,,,,,,
"퇴사,사퇴,회사,강동원,사직서","해보,그만두",,https://jjalbang.today/files/jjalbox/2021/06/20210615_60c840e28112c.jpg,,,,,,,,
"도라에몽,노력,부족,공부,시험",,,https://jjalbang.today/files/jjalbox/2021/06/20210616_60c9aa7a1bc31.jpg,,,,,,,,
"월요일,주말,일요일,일요,병,월요병,출근,직장인,순삭",,,https://jjalbang.today/files/jjalbox/2021/06/20210616_60c9b637f01a0.jpg,,,,,,,,
"야근,무한상사,회사,퇴근,유재석,무한도전,무도",못,,https://jjalbang.today/files/jjalbox/2021/06/20210616_60c9b6a35c8d2.png,,,,,,,,
"입틀막,깜놀,충격,조보아,골목식당",깜짝,놀람,https://jjalbang.today/files/jjalbox/2021/06/20210623_60d2d9afd76d8.gif,,,,,,,,
"심쿵,심장,충격,강제심쿵,하트,토끼",두근,,https://jjalbang.today/files/jjalbox/2015/03/89_55169a07ec28a_2934.png,,,,,,,,
만화,"깜,놀라","공포,놀람",https://jjalbang.today/files/jjalbox/2015/03/89_55169e3725c87_1575.jpg,,,,,,,,
이마,"탁,세상에,맙소사,어휴,에휴",,https://jjalbang.today/files/jjalbox/2021/07/20210708_60e67a0fd3770.gif,,,,,,,,
혐오,"한심,답답,싫",혐오,https://jjalbang.today/files/jjalbox/2021/07/20210723_60fa69b9b1543.gif,,,,,,,,
"흰둥이,강아지,개,인생",,,https://jjalbang.today/files/jjalbox/2021/09/20210916_6143768c4171b.jpg,,,,,,,,
,"왜저래,왜저랩,뭐래,뭐냐",,https://jjalbang.today/files/jjalbox/2021/06/20210610_60c1cf3ad1baa.jpg,,,,,,,,
"좌절,소녀","시무룩,힘빠지",슬픔,https://jjalbang.today/files/jjalbox/2015/03/92_55169b1ad942f_2861.gif,,,,,,,,
"심영,야인시대,고자,고자라니",,슬픔,https://jjalbang.today/files/jjalbox/2015/03/92_55169efbbd1a6_2659.gif,,,,,,,,
"덜덜,ㄷㄷ,ㄷㄷㄷ,귀귀",무섭,공포,https://jjalbang.today/files/jjalbox/2018/09/20180912_5b98b22d350f7.gif,,,,,,,,
"무한도전,무도,유재석,소름",깜놀,공포,https://jjalbang.today/files/jjalbox/2016/08/20160812_57adbf8028661.jpg,,,,,,,,
"짱구,사과,인사","꾸벅,죄송",,https://jjalbang.today/files/jjalbox/2021/09/20210916_61437609dc2ef.gif,,,,,,,,
"김수미,소주,술,병나발",마시,,https://jjalbang.today/files/jjalbox/2021/09/20210923_614c177dc6ccf.jpg,,,,,,,,
"짱구,침","흘리,추릅,츄릅,맛있",,https://jjalbang.today/files/jjalbox/2021/10/20211005_615c1712e1f2a.jpg,,,,,,,,
"고양이,냥이,냥 표정,동물","놀라,놀랍,깜짝",놀람,https://jjalbang.today/files/jjalbox/2015/03/89_55169e33ed706_1583.jpg,,,,,,,,
"원숭이,표정,동물","놀라,깜짝",,https://jjalbang.today/files/jjalbox/2015/03/89_55169e328f89f_1580.jpg,,,,,,,,
"고양이,냥이,냥,귀여워,동물","꾹꾹,귀엽",,https://jjalbang.today/files/jjalbox/2015/09/20150916_55f947c80a385.gif,,,,,,,,
"고양이,냥이,냥,인생,커피,여유,동물",,중립,https://jjalbang.today/files/jjalbox/2018/01/20180103_5a4c43f045949.gif,,,,,,,,
동물,자라,,https://jjalbang.today/files/jjalbox/2016/07/20160714_578770df9f683.jpg,,,,,,,,
"강아지,강쥐,썩소,동물",,,https://jjalbang.today/files/jjalbox/2015/03/95_55169fac8b94c_1954.jpg,,,,,,,,
"화난,강아지,난장판,개,지랄견,동물,강쥐",,분노,https://jjalbang.today/files/jjalbox/2015/11/20151124_5653d626235ed.gif,,,,,,,,
"강아지,놀람,깜놀,표정,동물,강쥐",놀라,놀람,https://jjalbang.today/files/jjalbox/2015/03/89_55169e2ee06aa_1588.jpg,,,,,,,,
"강아지,비글,난장판,지랄견,참사,동물,강쥐",,분노,https://jjalbang.today/files/jjalbox/2015/03/85_55169cc890ba0_1025.jpg,,,,,,,,
"고양이,냥이,냥,사랑,하트,동물",,,https://jjalbang.today/files/jjalbox/2016/07/20160725_5795ecda05b6a.jpg,,,,,,,,
"고생,강아지,청소,개,동물,강쥐",,,https://jjalbang.today/files/jjalbox/2016/07/20160714_57877e54f18aa.png,,,,,,,,
"눈치,동물",웃기,,https://jjalbang.today/files/jjalbox/2017/12/20171219_5a38fa6a26255.gif,,,,,,,,
"강아지,개,동물,멘붕,좌절,강쥐",,,https://jjalbang.today/files/jjalbox/2015/03/92_55169f01b8a30_1870.jpg,,,,,,,,
"강아지,개,동물,궁둥이,뒷모습,궁댕이,엉덩이,강쥐",,,https://jjalbang.today/files/jjalbox/2015/11/20151122_5650a2f00047a.jpg,,,,,,,,
"강아지,목욕,허세,샤워,동물,강쥐",,,https://jjalbang.today/files/jjalbox/2016/09/20160912_57d6510366c5e.png,,,,,,,,
"너구리,너굴,하이,손인사,인사,동물",,,https://jjalbang.today/files/jjalbox/2017/01/20170110_5874a351027eb.jpg,,,,,,,,
"깜놀,운전,놀람,동물",,놀람,https://jjalbang.today/files/jjalbox/2017/12/20171229_5a450edc218ed.jpg,,,,,,,,
"개,강아지,오줌,의미,귀차니즘,발사,동물,강쥐",귀찮,,https://jjalbang.today/files/jjalbox/2015/11/20151123_5652b874c7c29.gif,,,,,,,,
"고양이,냥이,냥,반응,속도,동물","귀엽,움찔,놀라,깜짝,깜짝이야",,https://jjalbang.today/files/jjalbox/2016/10/20161011_57fc965c5b936.gif,,,,,,,,
"강아지,개,동물,개편안,이불,침대,강쥐","자,자라",,https://jjalbang.today/files/jjalbox/2016/08/20160815_57b17dfd58631.jpg,,,,,,,,
"강아지,개,시바,시바견,웃음,강쥐","흐뭇,귀엽,웃",행복,https://jjalbang.today/files/jjalbox/2015/03/86_55169d234bc06_1114.gif,,,,,,,,
"강아지,개,동물,강쥐,야근","댓글,키보드,타자,악플",,https://jjalbang.today/files/jjalbox/2016/05/20160516_5739aeddbc241.gif,,,,,,,,
"강아지,개,강쥐,동물","놀라,깜놀,깜짝",놀람,https://jjalbang.today/files/jjalbox/2015/03/89_55169e2a2db6a_1589.jpg,,,,,,,,
"소리,동물,비트코인,코인,염원","가즈아,지르",분노,https://jjalbang.today/files/jjalbox/2017/12/20171215_5a3355975954b.gif,,,,,,,,
"미어캣,기절,동물",귀엽,,https://jjalbang.today/files/jjalbox/2021/10/20211019_616ed3ed0a56c.gif,,,,,,,,
"가젤,톰슨가젤,먹방,팝콘,동물",먹,중립,https://jjalbang.today/files/jjalbox/2021/09/20210916_614374dd81f28.gif,,,,,,,,
"냥이,냥,동물,기지개","안아줘,안아주",,https://jjalbang.today/files/jjalbox/2021/06/20210625_60d58693d3df3.gif,,,,,,,,
"곰,감사,인사,은혜,동물",감사합니다,,https://jjalbang.today/files/jjalbox/2021/06/20210601_60b5b1e28ecf2.gif,,,,,,,,
"햄스터,동물","놀라,깜놀,깜짝",놀람,https://jjalbang.today/files/jjalbox/2020/09/20200923_5f6b3b53838b6.gif,,,,,,,,
"물개,미소,웃음,동물",,행복,https://jjalbang.today/files/jjalbox/2015/03/86_55169d2253501_1119.jpg,,,,,,,,
"싸대기,뺨,귀,곰,반달곰,동물",닥치,분노,https://jjalbang.today/files/jjalbox/2021/07/20210715_60effbcad184d.gif,,,,,,,,
"손톱,정리,네일,샵",해줘,,https://jjalbang.today/files/jjalbox/2016/07/20160714_57876ebc3ee2a.gif,,,,,,,,
"고양이,냥이,냥,동물,하이파이브,묘기",귀엽,,https://jjalbang.today/files/jjalbox/2016/08/20160802_57a06357a903b.gif,,,,,,,,
"캥거루,동물,깡패,근육",죽,,https://jjalbang.today/files/jjalbox/2017/12/20171212_5a2ea66057453.gif,,,,,,,,
"싸움,쌈,아기,고양이,냥이,냥,동물,장난,놀이","귀여움,귀엽",,https://jjalbang.today/files/jjalbox/2016/07/20160731_579dd7e05afce.gif,,,,,,,,
"미어캣,거짓말,동물,다큐","속았다,속았습니다,속",,https://jjalbang.today/files/jjalbox/2020/09/20200919_5f658abcc957c.jpg,,,,,,,,
"사자,동물,쇼핑",,,https://jjalbang.today/files/jjalbox/2020/11/20201101_5f9e5c6172394.jpg,,,,,,,,
"사진,동물,개,강아지,강쥐,표정",웃,,https://jjalbang.today/files/jjalbox/2016/08/20160802_57a0634b7aef3.gif,,,,,,,,
"애교,고양이,냥이,냥,동물","팔짝,방방,뛰",,https://jjalbang.today/files/jjalbox/2016/08/20160811_57abb8f7b0dad.gif,,,,,,,,
"개,강아지,동물,좌절","시무룩,무룩",,https://jjalbang.today/files/jjalbox/2018/01/20180103_5a4c9fbfa8290.gif,,,,,,,,
"얼굴,원숭이,동물","놀라,깜놀,깜짝",놀람,https://jjalbang.today/files/jjalbox/2015/11/20151122_5650a88bc2f2a.gif,,,,,,,,
"강아지,개냥이,개,강쥐,동물",따라하,,https://jjalbang.today/files/jjalbox/2018/01/20180107_5a511792f0b76.gif,,,,,,,,
"강아지,개,강쥐,심쿵","뭐,무엇,궁금,갸우뚱,귀엽",,https://jjalbang.today/files/jjalbox/2016/07/20160718_578c8401b99e4.gif,,,,,,,,
"카톡,카카오톡,캐릭터,이모티콘,칭찬,특급",,,https://jjalbang.today/files/jjalbox/2015/03/101_5516a03228c40_2113.jpg,,,,,,,,
"카톡,카카오톡,캐릭터,이모티콘,새해,복,주머니","많이,받",,https://jjalbang.today/files/jjalbox/2016/08/20160823_57bbf476bb801.jpeg,,,,,,,,
"굿,엄지,캐릭터,칭찬",좋,,https://jjalbang.today/files/jjalbox/2016/08/20160825_57be072965b8e.gif,,,,,,,,
"피곤,계란,귀차니즘,캐릭터","귀찮,심심,빈둥",,https://jjalbang.today/files/jjalbox/2019/01/20190123_5c4825459b52c.gif,,,,,,,,
"경찰,포돌이,신고,캐릭터,철컹,수갑,범죄","철컹,잡,요놈,잡혀가",,https://jjalbang.today/files/jjalbox/2015/03/99_55169a5d956a1_2883.jpg,,,,,,,,
"경찰,포돌이,신고,캐릭터,철컹,수갑,범죄","철컹,잡,요놈,잡혀가",,https://jjalbang.today/files/jjalbox/2015/03/99_55169fe48d803_2026.jpg,,,,,,,,
"경찰,포돌이,신고,캐릭터,철컹,수갑,범죄","철컹,잡,요놈,잡혀가",,https://jjalbang.today/files/jjalbox/2016/07/20160714_57876f6560437.gif,,,,,,,,
"스폰지밥,스펀지밥,캐릭터,만화,뚱이","황당,멀뚱멀뚱",,https://jjalbang.today/files/jjalbox/2015/03/87_55169d414ba0a_2651.gif,,,,,,,,
"스폰지밥,스펀지밥,캐릭터,만화,뚱이,웃음","웃기,좋",행복,https://jjalbang.today/files/jjalbox/2016/08/20160830_57c52d1d497e4.gif,,,,,,,,
"스폰지밥,스펀지밥,좌절,멘붕,거품,게거품,눈물,캐릭터",,,https://jjalbang.today/files/jjalbox/2016/08/20160818_57b598d0c4b68.gif,,,,,,,,
"스폰지밥,스펀지밥,오열,눈물,캐릭터",슬프,슬픔,https://jjalbang.today/files/jjalbox/2016/08/20160826_57c01ea170369.gif,,,,,,,,
"에비츄,캐릭터,햄스터,귀여워,웃음","귀엽,좋",행복,https://jjalbang.today/files/jjalbox/2016/09/20160902_57c952bc6adf2.gif,,,,,,,,
"웹툰,만화,정렬맨","안돼,제발",,https://jjalbang.today/files/jjalbox/2015/04/20150411_5529264a33b9d.jpg,,,,,,,,
"칭찬,슬램덩크,황태산",,,https://jjalbang.today/files/jjalbox/2015/03/101_55169b33523e4_2850.jpg,,,,,,,,
"지름신,지름,쇼핑,집착",가지,,https://jjalbang.today/files/jjalbox/2019/04/20190402_5ca2c19d08626.jpg,,,,,,,,
"남자라면,결심,다짐,만화",,,https://jjalbang.today/files/jjalbox/2016/08/20160830_57c5446993f37.jpg,,,,,,,,
"짱구,장면,만화,캐릭터","깜놀,놀라",놀람,https://jjalbang.today/files/jjalbox/2015/03/89_55169e2192d72_1608.jpg,,,,,,,,
"손가락,욕,뻐큐,박규,뻑큐,만화",,,https://jjalbang.today/files/jjalbox/2018/06/20180618_5b27c4507c02f.png,,,,,,,,
"짱구,캐릭터,만화,사랑,하트,사랑해요",,행복,https://jjalbang.today/files/jjalbox/2019/01/20190117_5c3f5750db29c.jpg,,,,,,,,
"배신,분노,배신감",속,,https://jjalbang.today/files/jjalbox/2016/08/20160821_57b95fc4f354d.jpg,,,,,,,,
"변태,신고",,,https://jjalbang.today/files/jjalbox/2016/08/20160816_57b301f9e298d.jpg,,,,,,,,
"동료,원피스,루피,만화,캐릭터",되라,,https://jjalbang.today/files/jjalbox/2015/04/20150406_5521e99202bae.jpg,,,,,,,,
"그만,이해","닥치,뭐",,https://jjalbang.today/files/jjalbox/2015/03/90_55169c2035916_2683.jpg,,,,,,,,
"알람,시계,침대,피곤,만화,애니","졸리,귀엽,자",,https://jjalbang.today/files/jjalbox/2016/07/20160714_578770bdf071e.gif,,,,,,,,
"짱구,여름,물놀이,19,19금","발그레,야한",,https://jjalbang.today/files/jjalbox/2018/09/20180905_5b8eb5b60cf0a.gif,,,,,,,,
"이유,폭력,한대","없이,패,맞,치,퍽퍽",,https://jjalbang.today/files/jjalbox/2017/12/20171212_5a2ea5a1065ed.jpg,,,,,,,,
"미생,일,회사,오과장","일해,일하자",,https://jjalbang.today/files/jjalbox/2015/03/90_55169e7480f52_2662.jpg,,,,,,,,
"오덕,덕후,계획",,,https://jjalbang.today/files/jjalbox/2015/03/105_55169a26d8de9_2911.jpg,,,,,,,,
"한껏,기대,실망,만화,애니",,,https://jjalbang.today/files/jjalbox/2017/02/20170209_589bfd2de1060.jpg,,,,,,,,
"속임수,분노,사기,데스노트,만화",당하,,https://jjalbang.today/files/jjalbox/2015/03/89_55169b9671422_2779.jpg,,,,,,,,
"죽빵,폭력,배달,만화","맞,때리",,https://jjalbang.today/files/jjalbox/2017/12/20171212_5a2ea54e13695.jpg,,,,,,,,
"완벽,논리,만화",,,https://jjalbang.today/files/jjalbox/2019/04/20190411_5caeb07ce754e.png,,,,,,,,
"멘붕,좌절,멘탈,붕괴,만화,웹툰",,,https://jjalbang.today/files/jjalbox/2015/04/20150401_551badd2bb318.jpeg,,,,,,,,
"짱구,짱아,분노,만화,애니","화나,",분노,https://jjalbang.today/files/jjalbox/2016/09/20160901_57c79780ea49f.jpg,,,,,,,,
"귀귀,만화","함께,같이,기다리,좋",,https://jjalbang.today/files/jjalbox/2017/01/20170124_5886e8ef99bb2.jpg,,,,,,,,
"넌내꺼야,포켓몬,포켓볼",,,https://jjalbang.today/files/jjalbox/2015/04/20150418_55321858c7776.jpg,,,,,,,,
"생파,생일,파티,생명,파괴,줄임말",,,https://jjalbang.today/files/jjalbox/2016/08/20160823_57bc04718db2f.jpg,,,,,,,,
"안돼,하느님,귀귀","그만,제발",,https://jjalbang.today/files/jjalbox/2015/04/20150430_554228c5d6960.jpg,,,,,,,,
"고추,소중이","안되겠군,뒤적뒤적,꺼내",,https://jjalbang.today/files/jjalbox/2017/12/20171225_5a3fccaeb69b3.jpg,,,,,,,,
"고백,애인,폭력,주먹",오늘,,https://jjalbang.today/files/jjalbox/2015/05/20150511_55504ddf06dae.jpg,,,,,,,,
"눈빛,짱구,만화,캐릭터","초롱초롱,간절",,https://jjalbang.today/files/jjalbox/2016/09/20160901_57c79d42cb647.gif,,,,,,,,
"자자,시간,침대,이불,짱구,만화,캐릭터","자라,잠들",,https://jjalbang.today/files/jjalbox/2017/08/20170823_599d19c022992.gif,,,,,,,,
"양심,조석,개념",,,https://jjalbang.today/files/jjalbox/2015/03/90_55169b7d9de78_2791.jpg,,,,,,,,
"레바,썸,머리채,캐릭터",때리,,https://jjalbang.today/files/jjalbox/2015/05/20150511_55504df05c3b6.jpg,,,,,,,,
"싸대기,싸다구,뺨,이년",때리,,https://jjalbang.today/files/jjalbox/2015/04/20150423_5538b143f2e9b.gif,,,,,,,,
"권투,싸움,쌈","귀엽,슉슉",,https://jjalbang.today/files/jjalbox/2016/07/20160724_5794b4ededac9.gif,,,,,,,,
"설득력,설득,만화",엄청나,,https://jjalbang.today/files/jjalbox/2015/03/89_55169e1501c08_1624.jpg,,,,,,,,
"밥,음식,아침,짱구,만화,애니,캐릭터","우물우물,먹",,https://jjalbang.today/files/jjalbox/2018/09/20180905_5b8eb5e4d2316.gif,,,,,,,,
"만화,애니,단체,모습",놀라,,https://jjalbang.today/files/jjalbox/2015/03/89_55169e20ad5b7_1612.jpg,,,,,,,,
"친구,변명",그냥,,https://jjalbang.today/files/jjalbox/2018/01/20180105_5a4f34b63fd42.jpg,,,,,,,,
"이상,설명,생략,만화","더,자세",,https://jjalbang.today/files/jjalbox/2015/04/20150406_5521e7b5be9ac.jpg,,,,,,,,
"전쟁,원피스,샹크스","끝내,오",,https://jjalbang.today/files/jjalbox/2016/07/20160724_5794b507c827f.jpg,,,,,,,,
"쓰레기,좌절",나,,https://jjalbang.today/files/jjalbox/2017/12/20171219_5a37f6fd63f7e.jpg,,,,,,,,
"ㄵ,ㄴㅈ,노잼,재미없,ㅡㅡ",재미없다,,https://jjalbang.today/files/jjalbox/2018/08/20180829_5b857ec4419e8.jpg,,,,,,,,
"아침,이불,침대","뒹굴,딩굴,딩굴딩굴,일어나,싫",,https://jjalbang.today/files/jjalbox/2018/01/20180103_5a4c3ac769092.gif,,,,,,,,
"쓰레기,개새끼","못하,나쁘",,https://jjalbang.today/files/jjalbox/2015/03/89_55169c2380010_2681.jpg,,,,,,,,
"먼저,퇴근",,,https://jjalbang.today/files/jjalbox/2018/08/20180827_5b83554f26749.jpg,,,,,,,,
미래,기다리,,https://jjalbang.today/files/jjalbox/2015/03/92_55169c1e07498_2691.jpg,,,,,,,,
"미친놈,돌아이",대단,,https://jjalbang.today/files/jjalbox/2015/03/87_55169c209b9a1_2684.jpg,,,,,,,,
"노잼,ㅡㅡ,재미없,ㄵ,ㄴㅈ",,,https://jjalbang.today/files/jjalbox/2015/04/20150402_551d407507d85.png,,,,,,,,
"레예스,정색","웃지마,닥치",,https://bunny.jjalbot.com/2018/12/aBtIAhMOaY/zzal.jpg,,,,,,,,
"강아지,청순,동물",귀엽,,https://bunny.jjalbot.com/2018/12/WNEa19cBat/zzal.jpg,,,,,,,,
"정신줄,입,침,멘붕",,,https://jjalbang.today/files/jjalbox/2015/03/92_55169f0221306_1871.jpg,,,,,,,,
"고양이,냥,냥이,먹방,과일",먹,,https://bunny.jjalbot.com/2022/01/rlbvY5JTGQ.mp4,,,,,,,,
"고양이,냥,냥이,길냥이,얼차려,참교육",,,https://bunny.jjalbot.com/2021/02/99_QN1HAse/jm7zaYLwG.jpeg,,,,,,,,
"고양이,냥,냥이,길냥이,잠,꿀",귀엽,,https://bunny.jjalbot.com/2018/12/l9yg4ohmBn/zzal.mp4,,,,,,,,
"고양이,냥,냥이,길냥이,업어치기,내동댕이,싸움",,,https://bunny.jjalbot.com/2018/12/VTW3FWH2L/zzal.mp4,,,,,,,,
"고양이,냥,냥이,키보드,타자,컴퓨터,분노",,,https://bunny.jjalbot.com/2018/12/Skgv8TIC/20160901_57c790147b051.mp4,,,,,,,,
"고양이,냥,냥이,교통사고,자해,공갈단",,,https://bunny.jjalbot.com/2018/12/7rB35W2U8/zzal.mp4,,,,,,,,
"고양이,냥,냥이,청소,걸레",깔끔,,https://bunny.jjalbot.com/2018/12/FXG2cf_HYI/zzal.mp4,,,,,,,,
"고양이,냥,냥이,비닐봉지,봉지,봉투",,,https://bunny.jjalbot.com/2022/01/ywJy4Ajwr.png,,,,,,,,
"민트,초코,타조,민초",,,https://bunny.jjalbot.com/2022/01/P5VI3dGAPj.mp4,,,,,,,,
"고양이,냥,냥이,세탁기",귀엽,,https://bunny.jjalbot.com/2022/01/3EzAn4LxJf.mp4,,,,,,,,
"강아지,개,강쥐,운전,드라이버",,,https://bunny.jjalbot.com/2021/12/xFPbF9kha/xFPbF9kha.jpeg,,,,,,,,
"고양이,냥,냥이","놀라,헉",,https://bunny.jjalbot.com/2018/12/oNYuqU1L7/zzal.jpg,,,,,,,,
"무릎,추진력,만화","얻,위하",,https://bunny.jjalbot.com/2018/12/Hkxww6NGeN/20180827_5b8354ef4fa8f.jpg,,,,,,,,
"동물,아기,애기,북극곰",,,https://bunny.jjalbot.com/2018/12/wTzEytCmu/zzal.mp4,,,,,,,,
"북극곰,춤,댄스,안,안대",,,https://bunny.jjalbot.com/2018/12/ySGTmpK6s/zzal.jpg,,,,,,,,
"강아지,강쥐,개,애교,동물",,,https://bunny.jjalbot.com/2018/12/BWkt4Xqlp/zzal.mp4,,,,,,,,
"강아지,강쥐,개,휴게소","일어나,졸리,졸립",,https://bunny.jjalbot.com/2018/12/ZGn2zXVjEB/zzal.mp4,,,,,,,,
"강아지,강쥐,개,행복","웃,좋",행복,https://bunny.jjalbot.com/2018/12/iI5Lluxpvk/zzal.jpg,,,,,,,,
"팽귄,펭귄,아기,애기","귀엽,달리,가",,https://bunny.jjalbot.com/2018/12/Azwag2hrW/zzal.mp4,,,,,,,,
"물개,동물",놀라,놀람,https://bunny.jjalbot.com/2018/12/YbCjJhzA0/zzal.jpg,,,,,,,,
"팬더,펜터,판다",침착,,https://bunny.jjalbot.com/2018/12/zT6vj2LNa/zzal.jpg,,,,,,,,
"고양이,냥이,냥,발바닥,심장,폭행,심쿵,젤리",귀엽,,https://bunny.jjalbot.com/2018/12/993yBnbxG3/zzal.jpg,,,,,,,,
"강아지,강쥐,개,요가",따라하,,https://bunny.jjalbot.com/2018/12/YQ47wHSVD/zzal.mp4,,,,,,,,
"미어캣,아기,애기,동물",쓰다듬,,https://bunny.jjalbot.com/2018/12/3InXAVjrVs/zzal.mp4,,,,,,,,
"돼지,점프,아기,애기",귀엽,,https://bunny.jjalbot.com/2018/12/JksUPgQdg5/zzal.mp4,,,,,,,,
"돼지,티팬티,동물,요염,19,19금","야하,씰룩씰룩",,https://bunny.jjalbot.com/2018/12/ZIlABwyQr/zzal.mp4,,,,,,,,
"만화,당황","황당,뭐야",,https://bunny.jjalbot.com/2016/10/BJSovT80/20150411_5529266f86a81.jpg,,,,,,,,
"말,폭력,명존쎄","듣,맞,때리",,https://bunny.jjalbot.com/2016/10/BkXyr_TLA/91_55169ed814f2c_2586.jpg,,,,,,,,
"귀여워,만화,아저씨",발그레,,https://bunny.jjalbot.com/2021/12/5ZB829Ugd/5ZB829Ugd.png,,,,,,,,
"짱구,짱아,당황,만화",황당,,https://bunny.jjalbot.com/2018/12/t1Xe3WS95p/zzal.jpg,,,,,,,,
"크리스마스,저주,남친,여친,애인,솔로,애인,모쏠",,,https://bunny.jjalbot.com/2018/12/rJdU2T4MxV/20171225_5a3fcb75acb65.png,,,,,,,,
그것,"실제로,일어나",,https://bunny.jjalbot.com/2016/10/Hy-1eKT80/87_55169d721cb36_1255.jpg,,,,,,,,
"심슨,얼간이,쓰레기",놀리,,https://bunny.jjalbot.com/2018/12/ihnOcdqkR/zzal.png,,,,,,,,
"북극곰,만화,동물","존나,좋",행복,https://bunny.jjalbot.com/2016/10/S1grlF6IA/86_55169d137a55a_1141.jpg,,,,,,,,
"톰과 제리,위풍당당,행복,톰,제리,만화,애니,동물",걷,행복,https://bunny.jjalbot.com/2018/12/SCej4JUaT/zzal.mp4,,,,,,,,
"나,거지,어디,눈물,만화,멘붕,멘탈붕괴","여기,어디",,https://bunny.jjalbot.com/2018/12/HkT2pEfx4/20171220_5a3a075eccf80.jpg,,,,,,,,
"남자,눈물,귀귀,만화,슬픔","흑흑,흐흑,주르륵",,https://bunny.jjalbot.com/2021/12/_GATrNFYk/_GATrNFYk.jpeg,,,,,,,,
"사랑해,슬픔,만화,귀귀","슬프,주실,어디,안,계시",,https://bunny.jjalbot.com/2021/12/1dsAXqWl7/1dsAXqWl7.jpeg,,,,,,,,
"고양이,냥이,냥,손놀림,펀치,동물",귀엽,,https://bunny.jjalbot.com/2018/12/r1ZCyvpLR/20160811_57abb95f34ed3.mp4,,,,,,,,
"고양이,냥이,냥,동물","쓰,쓰다듬",,https://bunny.jjalbot.com/2018/12/5zXu42hDA/zzal.mp4,,,,,,,,
"고양이,냥이,냥,귀여워,동물","살찌,나,귀엽",,https://bunny.jjalbot.com/2020/07/gLlr_yesS/zzal.jpeg,,,,,,,,
"술취,피곤,동물","잠자,지루,잠들",,https://bunny.jjalbot.com/2016/10/rybuE_aLA/88_55169dad9e0d2_2563.jpg,,,,,,,,
"먹방,고양이,냥이,냥,귀여워,동물",귀엽,,https://bunny.jjalbot.com/2018/12/s8Bokh29-s/zzal.mp4,,,,,,,,
"고양이,냥이,냥,동물,아갱이,아깽이,아기,애기,장난,귀여워",귀엽,,https://bunny.jjalbot.com/2018/12/Bk6Wwp8R/20160714_57876f962b0f8.mp4,,,,,,,,
"고양이,냥,냥이,키보드,타자,컴퓨터,동물",귀엽,,https://bunny.jjalbot.com/2018/12/BkgUSPp8A/20150902_55e6ab87d273a.mp4,,,,,,,,
"고양이,냥이,냥,집사,동물","쓰,쓰다듬",,https://bunny.jjalbot.com/2018/12/BkP2x0VGl4/20161011_57fc9910c9063.mp4,,,,,,,,
"고양이,냥이,냥,발바닥,심장,폭행,심쿵,젤리,기지개,동물",,,https://bunny.jjalbot.com/2018/12/9_YBcMjhKc/zzal.mp4,,,,,,,,
"고양이,냥이,냥,치료,행복,박스",,,https://bunny.jjalbot.com/2018/12/LLUnhLY3Q/zzal.mp4,,,,,,,,
"고양이,냥이,냥,펀치,싸움",,,https://bunny.jjalbot.com/2018/12/smS8DBCIq/zzal.mp4,,,,,,,,
"고양이,냥이,냥","잠들,잠자,메롱,귀엽",,https://bunny.jjalbot.com/2021/12/-i6lUNKOX/-i6lUNKOX.gif,,,,,,,,
"고양이,냥이,냥,무표정",...,중립,https://bunny.jjalbot.com/2016/10/BJimdTU0/88_55169dab892e3_2636.jpg,,,,,,,,
"고양이,냥이,냥,의심,동물",수상,,https://bunny.jjalbot.com/2016/10/rklE1t6IC/87_55169d58acbe9_1296.jpg,,,,,,,,
"고양이,냥이,냥,동물,먹방,심장폭행,증거,인멸",귀엽,,https://bunny.jjalbot.com/2018/12/Yjd6122ci/zzal.mp4,,,,,,,,
"강아지,개,강쥐","덥,시원",,https://bunny.jjalbot.com/2018/12/nt1bhCKbrY/zzal.mp4,,,,,,,,
"심슨,아가리,물어","조용,닥치",,https://bunny.jjalbot.com/2018/12/0uQqnQzC5/zzal.jpg,,,,,,,,
"내,만화","졌다,졌어",,https://bunny.jjalbot.com/2018/12/ZH8JQR8R4/zzal.jpg,,,,,,,,
"심슨,장난,대응,복수",,,https://bunny.jjalbot.com/2018/12/ljTfZMN0f7/zzal.mp4,,,,,,,,
"에비츄,좌절,절망",히잉,,https://bunny.jjalbot.com/2018/12/EpOtneNhdg/zzal.png,,,,,,,,
"오징어,징징이,말,라고",놀리,,https://bunny.jjalbot.com/2016/10/HJ-T2Ia80/20160818_57b53ff249611.jpg,,,,,,,,
"만화,^^","활짝,웃",,https://bunny.jjalbot.com/2020/07/TeLK3UWhN/zzal.jpg,,,,,,,,
"좌절,생일,파티,생파,솔로,쏠로",울,슬픔,https://bunny.jjalbot.com/2016/10/HkW2fKT8R/104_5516a41a50433_958.jpg,,,,,,,,
"냥,고양이,냥이,양아치","뺏,먹",,https://bunny.jjalbot.com/2018/12/p8vEDPLZjE/zzal.mp4,,,,,,,,
"민폐,헬스장",놀아줘,,https://bunny.jjalbot.com/2021/03/dxjMdqyiTX/gRC_BvrOx.mp4,,,,,,,,
"물,고양이,냥이,냥","마시,귀엽",,https://bunny.jjalbot.com/2020/08/l4WiaYS3Ac/8qDYJhqBe.mp4,,,,,,,,
"만화,변명",하지마,,https://bunny.jjalbot.com/2016/10/HJW4KvTL0/20150525_5562dae148a90.jpg,,,,,,,,
"에비츄,만화,애니","살금살금,몰래,조심조심,조심",,https://bunny.jjalbot.com/2018/12/8JXpuGKfak/zzal.jpg,,,,,,,,
"개,강아지,강쥐,화남,어쩌라고","황당,빡침",분노,https://bunny.jjalbot.com/2018/12/BkBkCp4fx4/20171212_5a2f8d687a5b3.mp4,,,,,,,,
"고양이,냥,냥이,구걸,부탁",살려주,,https://bunny.jjalbot.com/2018/12/pnXcWGVC1/zzal.jpg,,,,,,,,
"고양이,냥,냥이,소환",부르,,https://bunny.jjalbot.com/2018/12/qHybGBFvq/zzal.jpg,,,,,,,,
"만화,느낌","좋,있",,https://bunny.jjalbot.com/2018/12/SkgI_pNGgE/20180604_5b15114a67512.jpg,,,,,,,,
"경찰,포돌이,신고,캐릭터,철컹,수갑,범죄","철컹,잡,요놈,잡혀가",,https://bunny.jjalbot.com/2016/10/ryW0dd6UA/99_55169fd620bc4_2045.jpg,,,,,,,,
"지름신,지름,쇼핑,집착",가지,,https://bunny.jjalbot.com/2018/12/rkl_UT4zlE/20180923_5ba78b038e414.jpeg,,,,,,,,
"만화,원피스,거절",싫,,https://bunny.jjalbot.com/2018/12/BygWjpVGg4/20180105_5a4eef9ea3fb4.png,,,,,,,,
"좌절,손,얼굴",가리,,https://jjalbang.today/files/jjalbox/2015/03/92_55169f03f2905_1868.jpg,,,,,,,,
"학폭,학교,폭력","멈추,그만",,https://bunny.jjalbot.com/2021/12/9v7M1c52h/9v7M1c52h.jpeg,,,,,,,,
"라면,현기증",끓이,,https://bunny.jjalbot.com/2016/10/S1ZGrI68C/20160910_57d3c457e1802.jpg,,,,,,,,
"명존쎄,명치,만화,조석",때리,,https://bunny.jjalbot.com/2016/10/ryENaIaLR/20160818_57b51c7a78625.jpg,,,,,,,,
,"야하,좋",,https://bunny.jjalbot.com/2018/12/ryX9jTNMgE/20180101_5a49b6b09472b.jpg,,,,,,,,
"지랄,염병,만화",자빠지,,https://bunny.jjalbot.com/2016/10/SkvmtaUA/85_55169cd88edd1_999.jpg,,,,,,,,
"칭찬,만화","잘,하",,https://bunny.jjalbot.com/2016/10/SkW-TwpL0/20150402_551d41733b66b.jpg,,,,,,,,
"짱구,만화,여름,물놀이,발기","발그레,야한",,https://bunny.jjalbot.com/2018/12/SJVJPpEfx4/20180905_5b8eb5b60cf0a.mp4,,,,,,,,
"최악,만화,이말년",,,https://bunny.jjalbot.com/2016/10/B1GVktTIC/88_55169dc8808d9_1421.jpg,,,,,,,,
도라에몽,"사,초롱초롱,해줘",,https://bunny.jjalbot.com/2018/12/g8uytXQci/zzal.png,,,,,,,,
괴짜가족,달리,,https://bunny.jjalbot.com/2018/12/uqT8uqAdf/zzal.mp4,,,,,,,,
대단,대단해,,https://bunny.jjalbot.com/2018/12/ryH8ua4zxE/20180603_5b1326d080568.png,,,,,,,,
"피곤,짱구,귀차니즘,캐릭터","귀찮,심심,빈둥",,https://bunny.jjalbot.com/2021/12/WHAzvlomC/WHAzvlomC.jpeg,,,,,,,,
"햄스터,동물","귀엽,달리",,https://bunny.jjalbot.com/2022/01/Ygw9GBioA.mp4,,,,,,,,
"햄스터,동물","귀엽,달리",,https://bunny.jjalbot.com/2022/01/o1yYY6gM3r.mp4,,,,,,,,
"말,승마",,,https://bunny.jjalbot.com/2022/01/cbo76DMFQ.mp4,,,,,,,,
"점심,짱구,캐릭터",,,https://bunny.jjalbot.com/2022/01/KDYu4AzJo.jpeg,,,,,,,,
"오열,눈물,캐릭터",슬프,,https://jjalbang.today/files/jjalbox/2015/03/93_55169f5c76414_2395.gif,,,,,,,,
젠장,,분노,https://bunny.jjalbot.com/2016/10/HyGqxuTIA/89_55169b9671422_2779.jpg,,,,,,,,
"좌절,남자",,,https://jjalbang.today/files/jjalbox/2015/03/92_55169f12983ee_1844.jpg,,,,,,,,
"거품,정신줄,멘탈","정신혼미,정신 혼미",,https://jjalbang.today/files/jjalbox/2015/03/92_55169f1da5d3f_1822.jpg,,,,,,,,
"여자,울음,눈물,콧구멍,울분,코구멍",울,"슬픔,분노",https://jjalbang.today/files/jjalbox/2015/03/92_5516a33997dea_2658.jpg,,,,,,,,
쪽,"뒹굴,쪽팔리,부끄럽",,https://jjalbang.today/files/jjalbox/2015/04/20150406_552266cf94981.gif,,,,,,,,
충격,"정신없,깜,놀라","공포,놀람",https://jjalbang.today/files/jjalbox/2015/04/20150406_55226843650a3.jpg,,,,,,,,
"만화,충격","깜,놀라","공포,놀람",https://jjalbang.today/files/jjalbox/2015/04/20150406_552268c00bf41.jpg,,,,,,,,
"항암제,암,무개념","황당,미치",,https://jjalbang.today/files/jjalbox/2015/06/20150608_55756f4c26140.jpg,,,,,,,,
"노답,답","답답,없",,https://jjalbang.today/files/jjalbox/2015/06/20150615_557da954ed941.png,,,,,,,,
"노잼,지루,축구","재미없,지루,의미없",,https://jjalbang.today/files/jjalbox/2015/11/20151122_5651be1ccbb2b.gif,,,,,,,,
"짜증,감독,축구,화,화난",,분노,https://jjalbang.today/files/jjalbox/2016/05/20160504_57294016b5bf4.gif,,,,,,,,
"엄지,축구,메시,따봉",,중립,https://jjalbang.today/files/jjalbox/2016/06/20160606_575555ecbdd76.jpg,,,,,,,,
"뻑큐,박규,욕,ㅗ",,,https://jjalbang.today/files/jjalbox/2016/07/20160727_5798816c3ffe8.gif,,,,,,,,
"환호,남자",,행복,https://jjalbang.today/files/jjalbox/2015/04/20150418_5532177d73df6.png,,,,,,,,
"생일,파티",,행복,https://jjalbang.today/files/jjalbox/2015/03/86_55169d1619808_1135.gif,,,,,,,,
"군대,군인,과자,몽쉘,행복",,행복,https://jjalbang.today/files/jjalbox/2020/09/20200916_5f620b5534756.jpg,,,,,,,,
"김정은,분노",,분노,https://jjalbang.today/files/jjalbox/2016/10/20161028_5812de329a445.gif,,,,,,,,
"식은땀,공포",놀라,놀람,https://jjalbang.today/files/jjalbox/2018/01/20180118_5a600b53d55fc.gif,,,,,,,,
"탈락,혐오",,혐오,https://jjalbang.today/files/jjalbox/2016/08/20160817_57b4685c1b569.jpg,,,,,,,,
"중립,기어",,,https://jjalbang.today/files/jjalbox/2021/06/20210605_60bb4d95d7853.png,,,,,,,,
"김정은,박수",,,https://jjalbang.today/files/jjalbox/2016/11/20161111_58248f5bbdfba.gif,,,,,,,,
개판,,,https://jjalbang.today/files/jjalbox/2016/08/20160820_57b8204d025fc.jpg,,,,,,,,
"야구,낙시",깜놀,,https://jjalbang.today/files/jjalbox/2021/12/20211227_61c961bb05b9c.gif,,,,,,,,
여자,"덥,더워",,https://jjalbang.today/files/jjalbox/2017/12/20171217_5a363765aa512.gif,,,,,,,,
"쓰레기,봉투",,,https://jjalbang.today/files/jjalbox/2015/04/20150407_5523744a67cf8.png,,,,,,,,
,개허탈,,https://jjalbang.today/files/jjalbox/2015/04/20150403_551e654b5268b.jpg,,,,,,,,
멱살,,,https://jjalbang.today/files/jjalbox/2015/03/90_55169e9b84d69_2525.jpg,,,,,,,,
"멘붕,좌절,짜증",답답,,https://jjalbang.today/files/jjalbox/2015/03/92_55169b46a1a76_2833.jpg,,,,,,,,
"지랄,염병",,분노,https://jjalbang.today/files/jjalbox/2015/03/90_55169c2a5dfe2_2668.jpg,,,,,,,,
"미안,죄송",,,https://jjalbang.today/files/jjalbox/2015/03/106_5516a367c86bf_2545.jpg,,,,,,,,
"미안,죄송",,,https://jjalbang.today/files/jjalbox/2015/03/106_5516a36664886_2547.jpg,,,,,,,,
"트럭,여고생,미안,죄송",,,https://jjalbang.today/files/jjalbox/2020/09/20200929_5f72e1790cde4.jpg,,,,,,,,
"입,입술,닥쳐",,,https://jjalbang.today/files/jjalbox/2016/08/20160812_57adc3d7550b9.jpg,,,,,,,,
"젖소,졋소",,,https://jjalbang.today/files/jjalbox/2016/08/20160822_57ba60f9c5d45.jpg,,,,,,,,
"좌절,포기",지,,https://jjalbang.today/files/jjalbox/2016/08/20160820_57b8206bc370c.png,,,,,,,,
"피곤,이불,개피곤",쓰러지는,,https://jjalbang.today/files/jjalbox/2016/09/20160901_57c79d190e49d.gif,,,,,,,,
"소린지,소리,공부,시험,수업",모르,,https://jjalbang.today/files/jjalbox/2016/09/20160909_57d19692d7fd0.jpg,,,,,,,,
"칰칼코마니,한화,야구",어이없,,https://jjalbang.today/files/jjalbox/2016/09/20160918_57de126d2cab3.gif,,,,,,,,
"놀람,선글라스,안경","깜놀,깜짝",놀람,https://jjalbang.today/files/jjalbox/2017/12/20171213_5a30ea98c1d8f.gif,,,,,,,,
"투자,실패,비트코인,주식,절망,행복회로",터지,,https://jjalbang.today/files/jjalbox/2017/12/20171215_5a3357594c318.gif,,,,,,,,
"놀람,공포,무서움,깜놀",무섭,"공포,놀람",https://jjalbang.today/files/jjalbox/2018/01/20180101_5a49ca34d8046.jpg,,,,,,,,
"북한,김정은,박수,웃음,축하",,행복,https://jjalbang.today/files/jjalbox/2018/01/20180108_5a523f2a16a84.jpg,,,,,,,,
"희롱,엽기,여자","춤추,황당",,https://jjalbang.today/files/jjalbox/2018/01/20180118_5a600baeb78be.gif,,,,,,,,
"카카오,라이언,기쁨","신나,좋",행복,https://jjalbang.today/files/jjalbox/2018/09/20180920_5ba2fb04ccfca.gif,,,,,,,,
"코,코딱지,축구",,중립,https://jjalbang.today/files/jjalbox/2020/09/20200927_5f708aff4e2bf.gif,,,,,,,,
"개슬픔,안습,눈물,한자",개슬프,슬픔,https://jjalbang.today/files/jjalbox/2021/06/20210609_60c062500accd.jpg,,,,,,,,
"공부,다짐,결심",,,https://jjalbang.today/files/jjalbox/2021/06/20210616_60c9a85c04cb8.png,,,,,,,,
거절,,,https://bunny.jjalbot.com/2016/10/S1-MKPpUA/20150525_5562dc574999e.jpg,,,,,,,,
"로그아웃,인생",,,https://bunny.jjalbot.com/2018/12/Esh5vJqVJ/zzal.jpg,,,,,,,,
납득,,,https://bunny.jjalbot.com/2018/12/iIgwPxWLB/zzal.jpg,,,,,,,,
"설명,생략",,,https://jjalbot.com/jjals/SyMM_pLA,,,,,,,,
잘했어,,,https://bunny.jjalbot.com/2020/11/awr80EyLsF/R-kSMoliV.gif,,,,,,,,
,웃지마,,https://bunny.jjalbot.com/2018/12/P14uH-zbXE/zzal.png,,,,,,,,
개발자,,,https://bunny.jjalbot.com/2019/01/qSZ8Y8HNcl/R5djHzs9n.gif,,,,,,,,
자전거,넘어지,,https://bunny.jjalbot.com/2022/01/509k-O2Sp.jpeg,,,,,,,,
"얼죽아,폭설",,,https://bunny.jjalbot.com/2022/01/qJziOIiip.gif,,,,,,,,
공룡,,,https://bunny.jjalbot.com/2022/01/YGFSeIsl8.gif,,,,,,,,
"거리,조절,모니터",,분노,https://bunny.jjalbot.com/2022/01/n5dkr61G4.gif,,,,,,,,
반란,,,https://bunny.jjalbot.com/2022/01/ybXttS3gw.jpeg,,,,,,,,
"어쩔,안물",,,https://bunny.jjalbot.com/2022/01/G8YI83M2p.jpeg,,,,,,,,
인사,,,https://bunny.jjalbot.com/2022/01/FPaDJ13iC.jpeg,,,,,,,,
"사후,경직,소고기",,,https://bunny.jjalbot.com/2018/12/SyWNwTNMlV/20180828_5b84395d3d794.gif,,,,,,,,
"중국,옥수수",,,https://bunny.jjalbot.com/2018/12/cavGhccG7/zzal.gif,,,,,,,,
"쉴드,고양이",,,https://bunny.jjalbot.com/2021/07/4ztZ7NII8i/POv15_xk3.jpeg,,,,,,,,
"화장,립스틱",,,https://bunny.jjalbot.com/2018/12/EhEsgS3fO/zzal.gif,,,,,,,,
"일상생활,쇠고랑",잡,,https://bunny.jjalbot.com/2018/12/71uCEISuF/zzal.jpg,,,,,,,,
,마시,,https://bunny.jjalbot.com/2018/12/0QRj_Uoi5u/zzal.jpg,,,,,,,,
,못생기,,https://bunny.jjalbot.com/2018/12/PIhnBe0Ph/zzal.jpg,,,,,,,,
도망,도망치,,https://bunny.jjalbot.com/2021/12/aqQpTZWO1/aqQpTZWO1.jpeg,,,,,,,,
닥쳐,,분노,https://bunny.jjalbot.com/2016/10/SybmFwaUC/20150511_55504db6716b5.jpg,,,,,,,,
관심,,,https://bunny.jjalbot.com/2018/12/8GCHTPAsG/zzal.jpg,,,,,,,,
관심,,,https://jjalbot.com/jjals/VIpQ1mWfV,,,,,,,,
,제발,,https://jjalbot.com/jjals/n8NvAiMwkE,,,,,,,,
정답,그렇,,https://bunny.jjalbot.com/2018/12/_Qd8WBQL3K/zzal.jpg,,,,,,,,
"노답,답",,,https://bunny.jjalbot.com/2018/12/XlRwaC5bi/zzal.png,,,,,,,,
"정신,싸대기",때리,,https://bunny.jjalbot.com/2018/12/jmkfuCI6_/zzal.jpg,,,,,,,,
가즈아,,,https://bunny.jjalbot.com/2018/12/BkZc6T4MlE/20171215_5a335796512db.gif,,,,,,,,
"커피,에스프레소",,,https://bunny.jjalbot.com/2018/12/0MTaJMrqQq/zzal.gif,,,,,,,,
이교도,죽,,https://bunny.jjalbot.com/2016/10/B1b0HL68C/20160904_57cc0fe974fef.png,,,,,,,,
"돼지,다이어트",,,https://bunny.jjalbot.com/2021/12/LPFCMQP5N/LPFCMQP5N.jpeg,,,,,,,,
무념무상,,중립,https://bunny.jjalbot.com/2018/12/oDG1p5uLF/zzal.png,,,,,,,,
,"앗싸,신나",,https://bunny.jjalbot.com/2016/10/rJpe_aUC/87_55169b6e5b317_2808.jpg,,,,,,,,
커플,사귀,,https://bunny.jjalbot.com/2016/10/BJx-mYpI0/104_5516a411e436d_952.jpg,,,,,,,,
변태,,,https://bunny.jjalbot.com/2018/12/sz3DlbW5nN/zzal.jpg,,,,,,,,
호구,,,https://bunny.jjalbot.com/2018/12/gBKdndiHp/zzal.jpg,,,,,,,,
,한심,,https://bunny.jjalbot.com/2018/12/dHA0c05bJ/zzal.jpg,,,,,,,,
,짤줍,,https://bunny.jjalbot.com/2016/10/Ski4FTI0/102_5516a432c86ec_927.jpg,,,,,,,,
정답,,,https://bunny.jjalbot.com/2016/10/B1iqI6UA/20160820_57b8357a2b0fd.jpg,,,,,,,,
"오예,막춤",,,https://bunny.jjalbot.com/2016/10/H1GmuvaUR/20150607_55731a2d6a622.gif,,,,,,,,
야당,,,https://bunny.jjalbot.com/2018/12/BJOs1AEfe4/20170530_592d0fd971b82.jpg,,,,,,,,
"흑빛,그늘",,,https://bunny.jjalbot.com/2018/12/5z1iqE1K4/zzal.jpg,,,,,,,,
"독립,불매",,,https://bunny.jjalbot.com/2021/02/hVOBWTXFOp/eVAioc3Nm.jpeg,,,,,,,,
참회,잘못,,https://bunny.jjalbot.com/2016/10/B1bJLUpL0/20160910_57d3c082b40a4.jpg,,,,,,,,
"낚시,미끼,월척",,,https://bunny.jjalbot.com/2021/12/rJ5CR-V17/rJ5CR-V17.jpeg,,,,,,,,
권총,,,https://bunny.jjalbot.com/2016/10/SkW4w6UR/20151128_565985e125bc0.gif,,,,,,,,
,궁금,,https://bunny.jjalbot.com/2018/12/ZPzFnyK6B/zzal.png,,,,,,,,
"쿠마몬,곰인형",,,https://bunny.jjalbot.com/2020/07/Amk8Yaga2/zzal.jpg,,,,,,,,
장난감,깜놀,,https://bunny.jjalbot.com/2018/12/HkvzYTEMxN/20180117_5a5f41feab65d.gif,,,,,,,,
코딩,,,https://bunny.jjalbot.com/2020/03/OE_MOUoRdj/T8cRYfmj4.jpeg,,,,,,,,
,싸우,,https://bunny.jjalbot.com/2018/12/SkLVcpVzgN/20180109_5a5477b76d312.jpg,,,,,,,,
"독신,솔로",,,https://bunny.jjalbot.com/2021/12/9VKWd4u13/9VKWd4u13.jpeg,,,,,,,,
우울,"추욱,흑흑",,https://bunny.jjalbot.com/2018/12/XsOfNshbK/zzal.jpg,,,,,,,,"공포,놀람,분노,슬픔,중립,행복,혐오"
"게임,뉴비",,,https://bunny.jjalbot.com/2021/12/-yg4gh5Xw/-yg4gh5Xw.jpeg,,,,,,,,
어몽어스,,,https://bunny.jjalbot.com/2020/10/_TyE6OHKmr/Hapxw2-ot.jpeg,,,,,,,,
"경찰,포돌이,수갑",철컹,,https://bunny.jjalbot.com/2016/10/S1Qo5OTU0/99_55169fe8b4629_2015.jpg,,,,,,,,
"애기,아기",,,https://bunny.jjalbot.com/2018/12/10gh4rp1M/zzal.gif,,,,,,,,
"쿠마몬,곰인형",,,https://bunny.jjalbot.com/2018/12/BnQZN19KPA/zzal.jpg,,,,,,,,
놀림,,,https://bunny.jjalbot.com/2016/10/HJGmhIaUA/20160819_57b6cc680e68c.jpg,,,,,,,,
,"까먹,헐,깜빡",,https://bunny.jjalbot.com/2018/12/NoW97FPve/zzal.jpg,,,,,,,,
,"추욱,츄욱",,https://bunny.jjalbot.com/2016/10/SkGNJdaUR/92_55169b16c5756_2864.jpg,,,,,,,,
"슬픔,눈물",슬프,,https://bunny.jjalbot.com/2018/12/Y--IQ0Mg3/zzal.png,,,,,,,,
"지하철,면접",,,https://bunny.jjalbot.com/2021/12/ABLHOcLtF/ABLHOcLtF.jpeg,,,,,,,,
"연기,소독,벌레,퇴치,해충,박멸",,,https://bunny.jjalbot.com/2016/10/Syb9oO68R/91_55169ee2250ec_1737.jpg,,,,,,,,
대머리,,,https://bunny.jjalbot.com/2021/12/I50Z7aabr/I50Z7aabr.jpeg,,,,,,,,
"개발자,테스트",,,https://bunny.jjalbot.com/2019/01/vf5eFW-lRV/ISZJh3jbx.png,,,,,,,,
"병장,휴가,취소,군인,군대",,,https://bunny.jjalbot.com/2018/12/gAPQpKz11/zzal.jpg,,,,,,,,
지랄,,,https://bunny.jjalbot.com/2018/12/yz3KnYD_-/zzal.jpg,,,,,,,,
매,혼나,,https://bunny.jjalbot.com/2018/12/4K11wGIJ1/zzal.jpg,,,,,,,,
"개새끼,거품",,,https://bunny.jjalbot.com/2018/12/B9DfZUuHi/zzal.jpg,,,,,,,,
"눈물,쓰레기봉투",,,https://bunny.jjalbot.com/2016/10/HJekhwpLA/20150407_5523744a67cf8.png,,,,,,,,
부들,부들부들,,https://bunny.jjalbot.com/2018/12/9vh6AY8736/zzal.jpg,,,,,,,,
"무한,반복,기계,스프링,중독,정화,평화",,,https://bunny.jjalbot.com/2018/12/SkQpl0NMeN/20161011_57fc974be0d15.gif,,,,,,,,
"개발자,작동,비둘기,버그,기능",,,https://bunny.jjalbot.com/2022/01/OJKru4CN2.gif,,,,,,,,
전선,,,https://bunny.jjalbot.com/2020/11/tphWpfZTOt/2zcPgGxqb.gif,,,,,,,,
"상남자,바버샵",,,https://bunny.jjalbot.com/2018/12/BYRZCF9zF/zzal.gif,,,,,,,,
"치료,학원,강남,약",,,https://bunny.jjalbot.com/2016/10/Skf3zuT8R/87_55169c209b9a1_2684.jpg,,,,,,,,
"람보,람보르기니",,,https://jjalbot.com/jjals/ArNBs3xVu3,,,,,,,,
눈갱,미치,,https://bunny.jjalbot.com/2018/12/GAXBjs6FN/zzal.jpg,,,,,,,,
"거짓말,이명박",,,https://bunny.jjalbot.com/2021/12/ctghcuwt8/ctghcuwt8.jpeg,,,,,,,,
뒷북,,,https://bunny.jjalbot.com/2016/10/HkYXK6LA/103_5516a424af8e0_945.gif,,,,,,,,
근손실,,,https://bunny.jjalbot.com/2021/12/4F1njckjr/4F1njckjr.jpeg,,,,,,,,
"똥,기계",만들,,https://jjalbang.today/files/jjalbox/2021/06/20210616_60c9af4e65aee.jpg,,,,,,,,
치킨,,,https://bunny.jjalbot.com/2018/12/Cbrr_MUDu/zzal.jpg,,,,,,,,
"병신,노답",,,https://bunny.jjalbot.com/2016/10/rkYDDTL0/20150615_557da9245f3f4.png,,,,,,,,
낭패,와르르,,https://bunny.jjalbot.com/2018/12/BCz2YgnaP/zzal.png,,,,,,,,
"뱃살,쌀",,,https://bunny.jjalbot.com/2018/12/HztuUY9lZ/zzal.jpg,,,,,,,,
골때리다,,,https://bunny.jjalbot.com/2018/12/PukeMp2L3/zzal.jpg,,,,,,,,
,어쩌,,https://bunny.jjalbot.com/2018/12/fvBsl0QH8/zzal.jpg,,,,,,,,
"쌍쌍바,솔로",,,https://bunny.jjalbot.com/2018/12/lexGWaPrWB/zzal.jpg,,,,,,,,
"고전,영희",,,https://bunny.jjalbot.com/2018/12/NoBgg2H4j/zzal.jpg,,,,,,,,
"주사,술",자라,,https://bunny.jjalbot.com/2018/12/GDtJu3y5_/zzal.jpg,,,,,,,,
,자라,,https://bunny.jjalbot.com/2018/12/5MwyKVLUzv/zzal.jpg,,,,,,,,
,짤줍,,https://bunny.jjalbot.com/2018/12/avFIJdZnF/zzal.jpg,,,,,,,,
,참,,https://bunny.jjalbot.com/2018/12/IiGzmf6TI/zzal.jpg,,,,,,,,
가출,와장창,,https://bunny.jjalbot.com/2018/12/shL6l-QPrU/zzal.jpg,,,,,,,,
"하트,사랑",,,https://bunny.jjalbot.com/2018/12/ByKFaEflE/20180116_5a5d62cc70f1e.jpg,,,,,,,,
"고구마,물개",,,https://bunny.jjalbot.com/2018/12/ZXDhmugCm/zzal.jpg,,,,,,,,
"가즈아,주식,기도",,,https://bunny.jjalbot.com/2018/12/ByHqTaNMx4/20171215_5a3356709cfa8.jpeg,,,,,,,,
"피망,파프리카",,,https://bunny.jjalbot.com/2016/10/r1lQzKT8A/85_55169cc9600be_1020.jpg,,,,,,,,
관종,관심없,,https://bunny.jjalbot.com/2018/12/pJr3WMqe9/zzal.jpg,,,,,,,,
말대답,,,https://bunny.jjalbot.com/2016/10/Syd5LpLA/20160820_57b83772e3662.jpg,,,,,,,,
처리,,,https://bunny.jjalbot.com/2018/12/4zCxsNmro/zzal.jpg,,,,,,,,
"일론머스크,엄지,비트코인,코인",,,https://jjalbang.today/files/jjalbox/2021/06/20210616_60ca1b4168f46.jpg,,,,,,,,
"공사,죄송,사과,미안,안내",,,https://bunny.jjalbot.com/2021/12/sKSafS38y/sKSafS38y.jpeg,,,,,,,,
"솔로,화나,파직",열받,분노,https://bunny.jjalbot.com/2018/12/BJv3pEMe4/20171225_5a3fcb4c61810.png,,,,,,,,
"낭심,소림사,급소,남자,고통",,,https://bunny.jjalbot.com/2018/12/SJ-lFTVflV/20180122_5a65567da188e.gif,,,,,,,,
"로봇,반전,문열기",,,https://bunny.jjalbot.com/2018/12/BJ_Ax0VzlN/20161011_57fc92951178b.gif,,,,,,,,
"감스트,리액션,관제탑",,,https://bunny.jjalbot.com/2018/12/GAZRH_HgeZ/zzal.gif,,,,,,,,
치킨,,,https://bunny.jjalbot.com/2018/12/MA-D5cR26h/zzal.jpg,,,,,,,,
"쓰레기,쓰레기통",,,https://bunny.jjalbot.com/2016/10/ByQJKpIC/88_55169ddfcff1d_1453.jpg,,,,,,,,
"한가위,추석,살",살찌,,https://bunny.jjalbot.com/2018/12/Q2TFdtG1V/zzal.jpg,,,,,,,,
뒷북,,,https://bunny.jjalbot.com/2016/10/SyrmKpIR/103_5516a42643b07_948.gif,,,,,,,,
"울음,슬픔",울,슬픔,https://bunny.jjalbot.com/2016/10/rygsUd6I0/93_55169f5af3ac9_2401.png,,,,,,,,
좌절,"시무룩,추욱",슬픔,https://bunny.jjalbot.com/2016/10/SkeLJdTU0/92_55169b18b05d8_2862.png,,,,,,,,
라떼,,,https://bunny.jjalbot.com/2020/06/8tAWUMDran/b8-8vIb_o.jpeg,,,,,,,,
"인간,으이구",,,https://bunny.jjalbot.com/2020/11/YL6VzAO0by/MxgHQv4Ra.gif,,,,,,,,
이응,,,https://bunny.jjalbot.com/2018/12/SIiPZHMxx/zzal.jpg,,,,,,,,
"우럭,눈물",,,https://bunny.jjalbot.com/2016/10/H1gnpdp80/88_55169deba488d_1475.jpg,,,,,,,,
"화,짜증,씨발,새끼",말리지마,,https://bunny.jjalbot.com/2016/10/rkMxfOp8R/85_55169be3970e8_2757.jpg,,,,,,,,
"비명,꺄악",놀라,,https://bunny.jjalbot.com/2018/12/i9pWxUtHc/zzal.jpg,,,,,,,,
,"놀라,헉",혐오,https://bunny.jjalbot.com/2018/12/WxGeDvlzM/zzal.jpg,,,,,,,,
"안물,안궁",,,https://bunny.jjalbot.com/2018/12/199tWue4k/zzal.jpg,,,,,,,,
"응징,박살,분노,화남,짜증",,분노,https://bunny.jjalbot.com/2018/12/H1dg6pVzlV/20171219_5a37f7f8a077f.jpg,,,,,,,,
이명박,,,https://bunny.jjalbot.com/2021/12/ZgR_PedMV/ZgR_PedMV.jpeg,,,,,,,,
"주식,비트코인,코인,한방",,,https://bunny.jjalbot.com/2021/12/amGTh6Wyf/amGTh6Wyf.jpeg,,,,,,,,
"고사포,종간나,북한",,,https://bunny.jjalbot.com/2016/10/r1M0OUaLR/20160831_57c5c0a097590.png,,,,,,,,
"쓰레기,병신",,,https://bunny.jjalbot.com/2016/10/SJIROTIR/88_55169dd2b38c8_1435.jpg,,,,,,,,
"ㅗ,뻐큐",,,https://bunny.jjalbot.com/2016/10/SJe8SOTIA/90_55169e9da7a79_2518.jpg,,,,,,,,
,놀라,놀람,https://bunny.jjalbot.com/2016/10/rJM_v6U0/20150602_556db5d0bf5db.gif,,,,,,,,
진심,,,https://bunny.jjalbot.com/2018/12/zspDRKwGK/zzal.jpg,,,,,,,,
"욕,강아지",,,https://bunny.jjalbot.com/2018/12/CYl5YOrsiY/zzal.jpg,,,,,,,,
"정치,정치인,국회의원",도리도리,,https://bunny.jjalbot.com/2018/12/SyuZRaNGlN/20171211_5a2e47fd990db.gif,,,,,,,,
응원,"토닥,쓰담",,https://bunny.jjalbot.com/2021/12/eg1PqYqYH/eg1PqYqYH.jpeg,,,,,,,,
,쪽팔리,,https://bunny.jjalbot.com/2018/12/kjzQ8SUjLJ/zzal.gif,,,,,,,,
"심기,불편",,,https://bunny.jjalbot.com/2020/07/kaeDt8yI5/zzal.jpg,,,,,,,,
,빼액,,https://bunny.jjalbot.com/2018/12/fg9t7Qs8B/zzal.jpg,,,,,,,,
"우산,연애",같이,,https://bunny.jjalbot.com/2018/12/t1I5nSqv4/zzal.jpg,,,,,,,,
덕질,,,https://bunny.jjalbot.com/2018/12/fc6f98Qqi/zzal.jpg,,,,,,,,
병신,,,https://bunny.jjalbot.com/2018/12/gNd0GfZah/zzal.jpg,,,,,,,,
재미,"미치,웃기",,https://bunny.jjalbot.com/2016/10/r1eUZtT8A/86_55169d0c23f82_1155.png,,,,,,,,
,"울먹,울컥,섭섭,서운",,https://bunny.jjalbot.com/2018/12/0ZXV59Z5L/zzal.jpg,,,,,,,,
"긍정,일본,수락",끄덕,,https://bunny.jjalbot.com/2021/12/fKcHIqn6Y/fKcHIqn6Y.gif,,,,,,,,
말귀,,,https://bunny.jjalbot.com/2018/12/kSSz0ij8Y/zzal.jpg,,,,,,,,
"따봉,엄지척",,,https://bunny.jjalbot.com/2020/07/_dKcQw7iG/zzal.jpg,,,,,,,,
"명치,화남",빡침,분노,https://bunny.jjalbot.com/2018/12/KTjdhPQH5/zzal.jpg,,,,,,,,
뻐큐,,,https://bunny.jjalbot.com/2018/12/IvYNE7XlN/zzal.png,,,,,,,,
큰일,정들,,https://bunny.jjalbot.com/2021/06/fNdiz3Qbub/Tp6J9dG7k.png,,,,,,,,
,끄덕,,https://bunny.jjalbot.com/2018/12/ZY536yXs83/zzal.jpg,,,,,,,,
"굿,축하","굳,좋",,https://bunny.jjalbot.com/2020/07/_GkhdQuTu/zzal.gif,,,,,,,,
"나비,힐링",,,https://bunny.jjalbot.com/2021/04/N3Ys6api7w/0S7Dx_OBN.gif,,,,,,,,
뒷북,,,https://bunny.jjalbot.com/2018/12/soUPgCwrN/zzal.jpg,,,,,,,,
"연락,썸","떨리,설레",,https://bunny.jjalbot.com/2018/12/B1lrLEAQF/zzal.jpg,,,,,,,,
탈모,,,https://bunny.jjalbot.com/2021/12/C-0tnpe2I/C-0tnpe2I.jpeg,,,,,,,,
자살,,,https://bunny.jjalbot.com/2018/12/cJ1e9oCiO/zzal.jpg,,,,,,,,
"북한,김정은,만능",,,https://bunny.jjalbot.com/2018/12/gUbKVxX0l/zzal.jpg,,,,,,,,
"혐오,극혐","꺼져,싫어",혐오,https://bunny.jjalbot.com/2018/12/S1PLFTEflV/20180116_5a5d7fa574bbe.gif,,,,,,,,
"가즈아,주식,코인,비트코인",,,https://bunny.jjalbot.com/2018/12/r1ZohpNMlE/20171221_5a3b742b45a73.gif,,,,,,,,
"눈물,슬픔",,,https://bunny.jjalbot.com/2018/12/SBxhdk-gY/zzal.jpg,,,,,,,,
"flex,플렉스",,,https://bunny.jjalbot.com/2020/11/bRxyRJGfP0/P1JZ3tJCo.gif,,,,,,,,
존맛,맛있,,https://bunny.jjalbot.com/2016/10/S1Z7LvTIC/20150820_55d53c34beece.jpg,,,,,,,,
"큰일,미친놈",,,https://bunny.jjalbot.com/2018/12/iJhBqkVjD/zzal.png,,,,,,,,
"생일,축하",,,https://bunny.jjalbot.com/2018/12/SPLSXUU6M/zzal.jpg,,,,,,,,
"찌질이,눈물,슬픔",,,https://bunny.jjalbot.com/2018/12/ogXWxBntF/zzal.jpg,,,,,,,,
"행복,고백,사랑,보고싶다",좋,,https://bunny.jjalbot.com/2021/12/hDQV0WgWO/hDQV0WgWO.jpeg,,,,,,,,
,무섭,,https://bunny.jjalbot.com/2018/12/4KvoXWhSX/zzal.jpg,,,,,,,,
"일론머스크,도지,비트코인,코인,도지코인",,,https://jjalbang.today/files/jjalbox/2021/06/20210616_60ca1b7d96dbd.jpg,,,,,,,,
현기증,,,https://bunny.jjalbot.com/2021/12/W1w6TRixl/W1w6TRixl.gif,,,,,,,,
,"무슨일,알려줘",,https://bunny.jjalbot.com/2018/12/yhV-iI1S4/zzal.jpg,,,,,,,,
"막춤,춤",,,https://bunny.jjalbot.com/2016/10/rJWDwvT80/20150607_55731aca74a9d.gif,,,,,,,,
질척,,,https://bunny.jjalbot.com/2021/12/QZTr7djEu/QZTr7djEu.gif,,,,,,,,
변태,,,https://bunny.jjalbot.com/2020/09/nJukj_icoQ/XJEHTAoLf.jpeg,,,,,,,,
"닭살,창피",,,https://bunny.jjalbot.com/2018/12/R-QBnBVjET/zzal.jpg,,,,,,,,
립밤,,,https://bunny.jjalbot.com/2021/01/gJVNAvqcjy/2rk-A7Phg.jpeg,,,,,,,,
할일,,,https://bunny.jjalbot.com/2016/10/rJWhV8TUR/20160909_57d2abb16bec4.jpg,,,,,,,,
솔로,,,https://bunny.jjalbot.com/2018/12/ySI7YBKku/zzal.jpg,,,,,,,,
코로나,,,https://bunny.jjalbot.com/2020/12/FlZTHis4F-/xX3cKm3BZ.jpeg,,,,,,,,
"츄릅,입맛",,,https://bunny.jjalbot.com/2021/12/-zLfe38Mk/-zLfe38Mk.gif,,,,,,,,
"낚시,어부",,,https://bunny.jjalbot.com/2018/12/r1SRKaNGxV/20180111_5a57064d776bb.jpg,,,,,,,,
"소원,하나님,무리",,,https://bunny.jjalbot.com/2018/12/D51748zvm/zzal.jpg,,,,,,,,
"안습,눈물",,,https://bunny.jjalbot.com/2018/12/g71X3She-/zzal.jpg,,,,,,,,
노답,,,https://bunny.jjalbot.com/2018/12/01az3BBUUk/zzal.jpg,,,,,,,,
놉,,,https://bunny.jjalbot.com/2018/12/eWKTlZQci_/zzal.png,,,,,,,,
"솔로,커플",,,https://bunny.jjalbot.com/2021/12/3CYh-gTQV/3CYh-gTQV.jpeg,,,,,,,,
"떡국,새해,인사,복,편지,토끼",,,https://bunny.jjalbot.com/2021/12/0zkNIcmSj/0zkNIcmSj.jpeg,,,,,,,,
"속임수,페이크",,,https://bunny.jjalbot.com/2018/12/-1bwT4xGm/zzal.gif,,,,,,,,
"불상,노답,불교,부처",,,https://bunny.jjalbot.com/2021/12/Y3OKX8AAN/Y3OKX8AAN.jpeg,,,,,,,,
"일출,독도,태양",,,https://bunny.jjalbot.com/2021/01/JkzQPssoAP/gGEJn4l93.gif,,,,,,,,
"음악,마약,정신",,,https://bunny.jjalbot.com/2018/12/8Y4l9hHtm/zzal.jpg,,,,,,,,
"바퀴벌레,해충,박멸",,,https://bunny.jjalbot.com/2016/10/ryZih_6IC/91_55169eeb7c910_1720.jpg,,,,,,,,
애도,,,https://bunny.jjalbot.com/2019/12/jqp_fpBt1N/XS1EuZ0Pr.jpeg,,,,,,,,
"맘스터치,햄버거,위꼴",,,https://bunny.jjalbot.com/2018/12/Hk_quaEzxV/20180213_5a82e7dde337e.gif,,,,,,,,
,두리번,,https://bunny.jjalbot.com/2018/12/0wOEiAdpM/zzal.jpg,,,,,,,,
"솔로,커플",,,https://bunny.jjalbot.com/2016/10/rJGlHvp8C/20151123_5652b8c3a09e5.jpg,,,,,,,,
"팝콘,구경",,,https://bunny.jjalbot.com/2021/12/DUBrd_gAk/DUBrd_gAk.jpeg,,,,,,,,
"솔로,커플",,,https://bunny.jjalbot.com/2018/12/H1gQeCEMxN/20170108_5871f6860acb8.jpg,,,,,,,,
"븅신,병신",,,https://bunny.jjalbot.com/2018/12/S1NNJRNGe4/20170616_594331d9f0696.jpg,,,,,,,,
"뻐큐,ㅗ",,,https://bunny.jjalbot.com/2018/12/jnDmTBtSj/zzal.jpg,,,,,,,,
,,분노,https://bunny.jjalbot.com/2016/10/SJZfmFTUR/85_55169cbfb4412_1035.jpg,,,,,,,,
"되감기,백투더퓨처",,,https://bunny.jjalbot.com/2018/12/Z0flyHH99/zzal.gif,,,,,,,,
"시발,ㅅㅂ",,,https://bunny.jjalbot.com/2021/12/nGO571p03/nGO571p03.jpeg,,,,,,,,
"클템,윙크",,,https://jjalbot.com/embed/-TUDpFtBW,,,,,,,,
소름,,,https://bunny.jjalbot.com/2018/12/1uQNrHprf/zzal.jpg,,,,,,,,
,재밌냐,,https://bunny.jjalbot.com/2018/12/kYtAU1YKN/zzal.jpg,,,,,,,,
"씨발,ㅆㅂ",,,https://bunny.jjalbot.com/2018/12/g14Ve7KY_2/zzal.png,,,,,,,,
저장,,,https://bunny.jjalbot.com/2018/12/ldygOToW_F/zzal.jpg,,,,,,,,
"국회의원,국회,정치,시사,버릇",,,https://bunny.jjalbot.com/2016/10/rkzQS8aU0/20160921_57e23da8b4897.jpg,,,,,,,,
,헤어지,,https://bunny.jjalbot.com/2018/12/rk-XDa4zxV/20180904_5b8d60cceadf9.png,,,,,,,,
야당,,,https://bunny.jjalbot.com/2018/12/Bk-YJRNGgN/20170530_592d15cc9dfd5.jpg,,,,,,,,
도망,,,https://bunny.jjalbot.com/2021/12/uXf6eKrii/uXf6eKrii.jpeg,,,,,,,,
"해충,벌레,퇴치",,,https://bunny.jjalbot.com/2016/10/r1ss_TUC/91_55169ee1bae13_1736.jpg,,,,,,,,
"배살,뱃살",,,https://bunny.jjalbot.com/2021/12/vTFha4ukd/vTFha4ukd.jpeg,,,,,,,,
"명함,사표",,,https://bunny.jjalbot.com/2019/07/YnTzgD41XQ/EbsOWtxeA.png,,,,,,,,
니말,맞,,https://bunny.jjalbot.com/2020/06/1lxOU1P-HH/bnKAzvW0l.png,,,,,,,,
,두근,,https://bunny.jjalbot.com/2018/12/lBB327Q4_P/zzal.jpg,,,,,,,,
말똥,,,https://bunny.jjalbot.com/2021/12/ExbSb7VTI/ExbSb7VTI.jpeg,,,,,,,,
파인애플,,,https://bunny.jjalbot.com/2018/12/T2g4BRZ6T/zzal.gif,,,,,,,,
흑역사,,,https://bunny.jjalbot.com/2018/12/9T02mX9rEY/zzal.jpg,,,,,,,,
씹덕사,,,https://bunny.jjalbot.com/2018/12/5ezMWIEiB/zzal.jpg,,,,,,,,
가즈아,,,https://bunny.jjalbot.com/2018/12/Hk8naNzgE/20171225_5a40b1bc6f768.jpg,,,,,,,,
"생일,축하",,,https://bunny.jjalbot.com/2018/12/JUwZvUvuH/zzal.jpg,,,,,,,,
"펀치,싸다구",,,https://bunny.jjalbot.com/2018/12/ufFP49Jsm-/zzal.gif,,,,,,,,
"검정고무신,할머니,웃음",웃,,https://jjalbang.today/files/jjalbox/2022/01/20220101_61cfd79f22c21.jpg,,,,,,,,
"검정고무신,할머니,화남,등짝,스매싱",맞,분노,https://jjalbang.today/files/jjalbox/2022/01/20220101_61cfd6833ce01.jpeg,,,,,,,,
"검정고무신,할머니,눈물,걱정",,슬픔,https://jjalbang.today/files/jjalbox/2022/01/20220101_61cfd76ed8dbc.jpg,,,,,,,,
"검정고무신,할머니,화남",열받,분노,https://jjalbang.today/files/jjalbox/2022/01/20220101_61cfd657914fc.jpg,,,,,,,,
"검정고무신,할아버지,용돈",,,https://jjalbang.today/files/jjalbox/2022/01/20220101_61cfd6efcaadf.png,,,,,,,,
"카카오,라이언,응원",,,https://jjalbang.today/files/jjalbox/2016/12/20161208_5849119d044a3.gif,,,,,,,,
"카카오,라이언,인사,안녕",,,https://jjalbang.today/files/jjalbox/2017/12/20171219_5a3894892e649.gif,,,,,,,,
"카카오,라이언,축하",,,https://jjalbang.today/files/jjalbox/2017/12/20171219_5a3894e7db80b.gif,,,,,,,,
"카카오,라이언,따봉,굿,엄지척",좋,,https://jjalbang.today/files/jjalbox/2018/09/20180920_5ba2fae2c20e7.gif,,,,,,,,
,"예쁘,다냐",,https://jjalbang.today/files/jjalbox/2021/06/20210621_60d07a902f883.jpg,,,,,,,,
"카카오,라이언,뽀뽀,입술,사랑,하트",,,https://jjalbang.today/files/jjalbox/2018/09/20180920_5ba2faf231e8d.gif,,,,,,,,
"카카오,라이언,눈물",울,슬픔,https://jjalbang.today/files/jjalbox/2018/09/20180920_5ba2fac208ae5.gif,,,,,,,,
"카카오,라이언,복,새해,복주머니",,,https://jjalbang.today/files/jjalbox/2020/12/20201231_5fed6da64bc86.jpeg,,,,,,,,
"카카오,무지,눈빛",초롱초롱,,https://jjalbang.today/files/jjalbox/2017/12/20171219_5a38952573fdf.gif,,,,,,,,
"카카오,추석,한가위",,,https://jjalbang.today/files/jjalbox/2018/09/20180923_5ba6c5d6dc555.jpg,,,,,,,,
"카카오,무지,추석,한가위",,,https://jjalbang.today/files/jjalbox/2018/09/20180923_5ba6c401e520e.jpg,,,,,,,,
"무한도전,정형돈,무한상사,화남",싫어하,분노,https://jjalbang.today/files/jjalbox/2016/08/20160815_57b17fe1ccce5.png,,,,,,,,
"신하균,화남,짜증",,분노,https://jjalbang.today/files/jjalbox/2015/04/20150403_551e66cf06645.jpg,,,,,,,,
"차인표,화난,비,화남",,분노,https://jjalbang.today/files/jjalbox/2015/04/20150403_551e6475118b8.jpg,,,,,,,,
"김연아,손가락질",언짢,혐오,https://jjalbang.today/files/jjalbox/2016/08/20160829_57c3bf3c12378.gif,,,,,,,,
"이승철,슈퍼스타K","닥치,그만",혐오,https://jjalbang.today/files/jjalbox/2015/03/90_55169e70ac0f2_2698.gif,,,,,,,,
서유리,"꺼지,황당,놀라",혐오,https://jjalbang.today/files/jjalbox/2020/09/20200919_5f663b08e29bc.jpg,,,,,,,,
"김태리,미스터선샤인 ",황당,혐오,https://jjalbang.today/files/jjalbox/2021/05/20210530_60b3c4a7644a3.gif,,,,,,,,
"키스,순간,맨솔,멘솔","알,펴",,https://jjalbang.today/files/jjalbox/2021/06/20210621_60d080246b6f9.jpg,,,,,,,,
"전광렬,빵,눈물,울음",울,슬픔,https://jjalbang.today/files/jjalbox/2015/03/108_55169b71d8459_2801.jpg,,,,,,,,
"개구리,눈물","훌쩍,울",슬픔,https://jjalbang.today/files/jjalbox/2015/10/20151002_560e648cbb896.jpg,,,,,,,,
"피타고라스,명언",답이없다,,https://jjalbang.today/files/jjalbox/2021/06/20210623_60d2ee7cae110.jpg,,,,,,,,
"전광렬,눈물,오열,사극,허준",울,슬픔,https://jjalbang.today/files/jjalbox/2017/12/20171219_5a38fb373d841.jpg,,,,,,,,
"개구리,눈물,웃음,안습","울,웃,슬프",슬픔,https://jjalbang.today/files/jjalbox/2015/11/20151123_5652bac619af8.jpg,,,,,,,,
"유병재,안습,눈물",울,슬픔,https://jjalbang.today/files/jjalbox/2019/01/20190110_5c36f49b6ca19.jpg,,,,,,,,
"공효진,전화,눈물,아픔,안습,여자,고통",울,슬픔,https://jjalbang.today/files/jjalbox/2018/02/20180208_5a7c0328bddbd.jpg,,,,,,,,
"개구리,눈물",울,슬픔,https://jjalbang.today/files/jjalbox/2015/11/20151123_5652ba70dffc3.png,,,,,,,,
"오징어,징무룩",못생기,슬픔,https://jjalbang.today/files/jjalbox/2017/12/20171231_5a4882320119b.jpg,,,,,,,,
"유민상,오열,출소,두부,맛있는녀석들",,슬픔,https://jjalbang.today/files/jjalbox/2020/09/20200917_5f639a2ada3e7.gif,,,,,,,,
"전광렬,우울","슬프,힘들",슬픔,https://jjalbang.today/files/jjalbox/2020/09/20200911_5f5b4fdf1d7d9.jpg,,,,,,,,
"조인성,발리에서 생긴일,발리에서생긴일,눈물,이별,전화",슬프,슬픔,https://jjalbang.today/files/jjalbox/2021/06/20210610_60c1b4da7971f.gif,,,,,,,,
"송강호,눈물,후회",,"슬픔,분노",https://jjalbang.today/files/jjalbox/2021/06/20210604_60ba2cdeb3be9.gif,,,,,,,,
"에비츄,서러움,눈물","서글픈,흑흑,슬프",슬픔,https://jjalbang.today/files/jjalbox/2021/10/20211019_616ed2e7aaef5.gif,,,,,,,,
"김태리,미스터선샤인,미스터 선샤인,입틀막,눈물",울,슬픔,https://jjalbang.today/files/jjalbox/2021/06/20210623_60d2a1612bd3c.jpg,,,,,,,,
"박명수,웃음,무한도전",좋,행복,https://jjalbang.today/files/jjalbox/2018/09/20180927_5bac47a60364e.jpg,,,,,,,,
"로딩,버퍼링,생각중",,,https://jjalbang.today/files/jjalbox/2021/06/20210623_60d2f21a8b303.gif,,,,,,,,
"박명수,웃음,무도,무한도전,대박",좋,행복,https://jjalbang.today/files/jjalbox/2018/09/20180927_5bac47ea23928.jpg,,,,,,,,
"퇴사,회사,사직서,사표,굴레,속박,안녕,이누야샤",,,https://jjalbang.today/files/jjalbox/2020/09/20200911_5f5b54114c9cf.gif,,,,,,,,
"송강호,웃음,배달","즐겁,뛰",행복,https://jjalbang.today/files/jjalbox/2021/06/20210604_60ba31b70b750.jpg,,,,,,,,
"개,강아지,안습,우울,멘붕","개무룩,시무룩",좌절,https://jjalbang.today/files/jjalbox/2015/04/20150401_551bae348164e.jpg,,,,,,,,
"주스,쥬스",,놀람,https://jjalbang.today/files/jjalbox/2016/08/20160824_57bd11d6cba97.gif,,,,,,,,
"장풍,목사,사이비,손짓",,,https://jjalbang.today/files/jjalbox/2021/06/20210623_60d310bc973e5.gif,,,,,,,,
"개고생,거지,안습,거지꼴",,,https://jjalbang.today/files/jjalbox/2015/04/20150418_55322b711deb5.jpg,,,,,,,,
"길,무한도전,멘탈붕괴,멘붕,좌절","망하,떡락",,https://jjalbang.today/files/jjalbox/2016/08/20160815_57b17d0592305.jpg,,,,,,,,
"사극,멘붕,좌절,스트레스,짜증,두통",답답,중립,https://jjalbang.today/files/jjalbox/2015/03/92_55169b475d46c_2834.jpg,,,,,,,,
"김혜수,멘붕,멘탈붕괴",혼이 나가,,https://jjalbang.today/files/jjalbox/2015/03/92_55169f0a6c924_1856.jpg,,,,,,,,
"박명수,무도,무한도전,유체이탈,멘붕,충격",황당,,https://jjalbang.today/files/jjalbox/2016/09/20160906_57ce9dea2658f.gif,,,,,,,,
"유재석,좌절",황당,슬픔,https://jjalbang.today/files/jjalbox/2016/08/20160819_57b6ca6da6448.jpg,,,,,,,,
"망연자실,멘붕",황당,슬픔,https://jjalbang.today/files/jjalbox/2016/09/20160902_57c922920b689.jpg,,,,,,,,
"서장훈,아는형님,아는 형님","의미없,필요없",중립,https://jjalbang.today/files/jjalbox/2017/01/20170111_5875607ad5057.jpg,,,,,,,,
"멘붕,멍",,중립,https://jjalbang.today/files/jjalbox/2018/01/20180101_5a49b65ddd9f7.jpg,,,,,,,,
"조인성,넋,멘붕,전화",,,https://jjalbang.today/files/jjalbox/2016/08/20160819_57b6ce6ff1b4f.jpg,,,,,,,,
"심슨,아빠,멘붕,좌절",,분노,https://jjalbang.today/files/jjalbox/2015/03/92_55169f0535120_1865.jpg,,,,,,,,
어피치,"시무룩,힘빠지,힘 빠지,슬프",슬픔,https://jjalbang.today/files/jjalbox/2015/03/92_55169b1d66d08_2858.jpg,,,,,,,,
"짱구,어이상실,어이","어이없음,황당",,https://jjalbang.today/files/jjalbox/2016/08/20160815_57b17d9348a29.jpg,,,,,,,,
미친년,미치,분노,https://jjalbang.today/files/jjalbox/2015/03/92_55169c127cb3e_2705.gif,,,,,,,,
"무한도전,무도,어록,원수,직장,박명수",만나,,https://jjalbang.today/files/jjalbox/2016/08/20160822_57baa9157ad31.png,,,,,,,,
"장동건,놀람,멘붕","허,놀라,깜놀",놀람,https://jjalbang.today/files/jjalbox/2015/03/92_55169f1d4246b_1821.jpg,,,,,,,,
"사오리,퇴사,사표,사직,사직서",,,https://jjalbang.today/files/jjalbox/2017/08/20170823_599d1c7995e3d.jpg,,,,,,,,
"강아지,개,시무룩,좌절",힘빠지,중립,https://jjalbang.today/files/jjalbox/2015/03/92_55169b1caad75_2859.jpg,,,,,,,,
"변우민,고생,거지,거지꼴","집나가면 개고생,집나가면개고생",,https://jjalbang.today/files/jjalbox/2015/04/20150418_55322b61acdd7.jpg,,,,,,,,
"약속,다이어트,돼지",뚱뚱,,https://jjalbang.today/files/jjalbox/2021/06/20210623_60d31160a255d.jpg,,,,,,,,
"시무룩,좌절,미생",힘빠지,슬픔,https://jjalbang.today/files/jjalbox/2015/03/92_55169b1550683_2865.jpg,,,,,,,,
"박명수,지침,한계점",지치,,https://jjalbang.today/files/jjalbox/2015/03/92_55169f000fad7_1876.jpg,,,,,,,,
"분노조절장애,분노,화난,화남,대륙,꼬마",빡침,"분노,혐오",https://jjalbang.today/files/jjalbox/2021/06/20210629_60daccbeef251.gif,,,,,,,,
"아가리,침묵",,,https://jjalbang.today/files/jjalbox/2021/10/20211005_615bedefdfce1.jpg,,,,,,,,
"평온,멘붕,멘탈붕괴,좌절,개리",,중립,https://jjalbang.today/files/jjalbox/2015/03/92_55169be741071_2750.jpg,,,,,,,,
"고양이,냥,꼬리",모르,중립,https://jjalbang.today/files/jjalbox/2016/07/20160714_57876f84e4f83.gif,,,,,,,,
"친구비,친구비용",,,https://jjalbang.today/files/jjalbox/2021/10/20211007_615ea40d21776.jpg,,,,,,,,
"팬더,판다",쓸쓸,,https://jjalbang.today/files/jjalbox/2015/03/92_55169f006d903_1875.jpg,,,,,,,,
"홍준표,홍카콜라",놀라,,https://jjalbang.today/files/jjalbox/2021/10/20211013_6167682041921.gif,,,,,,,,
"류현진,좌절,투수,야구,한화",어이없,,https://jjalbang.today/files/jjalbox/2015/03/92_55169f0d33e26_1851.jpg,,,,,,,,
"칭찬,박수,차두리,축구",잘,,https://jjalbang.today/files/jjalbox/2015/03/101_5516a0272f1f9_2131.jpg,,,,,,,,
"홍준표,홍카콜라",시무룩,,https://jjalbang.today/files/jjalbox/2021/10/20211013_61676829eeb9c.gif,,,,,,,,
"엄지,축구,박주영,따봉",,중립,https://jjalbang.today/files/jjalbox/2015/03/101_5516a01ed56d0_2535.jpg,,,,,,,,
"춤,신남",흥겹,행복,https://jjalbang.today/files/jjalbox/2021/10/20211019_616ed805bad69.gif,,,,,,,,
"개비스콘,해소,스트레스,만능짤",답답,,https://jjalbang.today/files/jjalbox/2021/11/20211103_61823a4fbac8b.gif,,,,,,,,
"김연아,웃음","흐믓,즐겁",행복,https://jjalbang.today/files/jjalbox/2015/09/20150916_55f94674648eb.gif,,,,,,,,
"전광렬,회식","즐겁,춤추",,https://jjalbang.today/files/jjalbox/2016/09/20160902_57c928e72bf3d.jpg,,,,,,,,
"포켓몬스터,피카추,꼬부기","춤추,신나",행복,https://jjalbang.today/files/jjalbox/2017/12/20171231_5a4883dcd3be9.gif,,,,,,,,
"유재석,몰입,저질춤",춤추,,https://jjalbang.today/files/jjalbox/2015/12/20151201_565cc251c7425.gif,,,,,,,,
"싸대기,공부,뺨",,분노,https://jjalbang.today/files/jjalbox/2021/12/20211227_61c96670b80e3.jpg,,,,,,,,
"정우성,리포터,생수,신고은","물먹,반하",,https://jjalbang.today/files/jjalbox/2016/07/20160714_5786faf8e58ec.gif,,,,,,,,
"김연아,인터뷰,중국,피겨,올림픽",황당,,https://jjalbang.today/files/jjalbox/2015/03/87_55169d42b7c73_2638.jpg,,,,,,,,
"인터뷰,이승희,약사,영양제,방송,KBS",,,https://jjalbang.today/files/jjalbox/2021/06/20210625_60d545b075802.jpg,,,,,,,,
"머슴,조선,눈",보,,https://jjalbang.today/files/jjalbox/2021/06/20210605_60bb4d4cc4f39.jpg,,,,,,,,
"의리,개그우먼,tvN,패러디",,,https://jjalbang.today/files/jjalbox/2015/03/100_5516a3cea79c9_2061.jpg,,,,,,,,
"인터뷰,여고생,한국사,수능,박혜진",,,https://jjalbang.today/files/jjalbox/2021/06/20210623_60d2f6bd8803e.jpg,,,,,,,,
"역대급,레전드,빙판길,KBS,겨울,얼음,여자","꽈당,넘어지",,https://jjalbang.today/files/jjalbox/2017/12/20171220_5a3a61663e437.gif,,,,,,,,
"박대기,기자,대설,눈,KBS,대설주의보",,,https://jjalbang.today/files/jjalbox/2021/06/20210629_60dabb39928cf.jpg,,,,,,,,
"인터뷰,대학생,반값,공약,KBS",,,https://jjalbang.today/files/jjalbox/2021/06/20210623_60d2f756a459e.jpg,,,,,,,,
"분노,화,짜증,SBS,드라마,표정,조필연,자이언트,정보석",,,https://jjalbang.today/files/jjalbox/2015/03/85_55169c80de36c_2572.jpg,,,,,,,,
"방송사고,SBS,아나운서,당황",,,https://jjalbang.today/files/jjalbox/2018/01/20180103_5a4c0a201fd74.gif,,,,,,,,
"인터뷰,안영규,갓영규,SBS,여름,부채,여자친구,귀성,연휴",,,https://jjalbang.today/files/jjalbox/2021/06/20210623_60d2f7f5807ff.gif,,,,,,,,
"인터뷰,인천,SBS,꽃구경",쌀쌀,,https://jjalbang.today/files/jjalbox/2021/06/20210623_60d2f6e1bab9d.jpg,,,,,,,,
"인터뷰,SBS,벼룩시장,시장",,,https://jjalbang.today/files/jjalbox/2021/06/20210623_60d2f783b164f.png,,,,,,,,
"뉴스,MBC","버릇없이,툭,튀어나오",,https://jjalbang.today/files/jjalbox/2015/04/20150406_55225f5b63270.jpg,,,,,,,,
"이명박,쓰레기,MB,대통령,사기꾼,언론,파괴자,비판,뱀,혓바닥,명박이,다스,뉴스타파","망치,낼름",,https://jjalbang.today/files/jjalbox/2017/12/20171212_5a2e9ecc0ac8f.gif,,,,,,,,
"인터뷰,소주가격,인상,술값,마트,MBC",,,https://jjalbang.today/files/jjalbox/2021/06/20210623_60d2f73639c23.jpg,,,,,,,,
"인터뷰,대학생,감청,논란,명예훼손,MBC",,,https://jjalbang.today/files/jjalbox/2021/06/20210623_60d2f7115e46f.png,,,,,,,,
"날씨,인터뷰,레전드","끈적끈적,너무,힘들",,https://jjalbang.today/files/jjalbox/2016/09/20160918_57de0bac84526.png,,,,,,,,
"인생짤,홍진호,인터뷰,스타,프로게이머,2,홍진호,콩,콩진호,레전드",,,https://jjalbang.today/files/jjalbox/2016/08/20160817_57b447f33b6dc.gif,,,,,,,,
"인터뷰,이세돌,알파고,걸그룹,관심,화색,웃음,기분,아재",좋,,https://jjalbang.today/files/jjalbox/2018/01/20180110_5a56258fc7cd4.jpg,,,,,,,,
"위기탈출녀,물,추억,인터뷰,감전,황당 답변,황당답변",,,https://jjalbang.today/files/jjalbox/2016/09/20160918_57de0b00b0aa4.jpg,,,,,,,,
"인터뷰,김무성,눈동자,뉴스룸,거짓말,새누리당,한나라당,자유당,쓰레기",,,https://jjalbang.today/files/jjalbox/2017/12/20171217_5a35d5af140cb.gif,,,,,,,,
"인터뷰,김병현,만화","그냥,보",,https://jjalbang.today/files/jjalbox/2015/06/20150629_5590ff218aa5d.gif,,,,,,,,
"인터뷰,서강준",잘생기,,https://jjalbang.today/files/jjalbox/2016/08/20160812_57ad95c7d29e8.gif,,,,,,,,
"인터뷰,김연아","황당,뭐",,https://jjalbang.today/files/jjalbox/2015/03/87_55169d46923c6_2506.png,,,,,,,,
"인터뷰,농구,누구,어디","지루,여기",,https://jjalbang.today/files/jjalbox/2015/03/88_55169dc907bec_1420.jpg,,,,,,,,
"인터뷰,면접,지하철,지각,우왕좌왕",,,https://jjalbang.today/files/jjalbox/2021/06/20210623_60d311c4d05cf.jpg,,,,,,,,
"한가인,레전드,여고생,여고시절,리즈,학원,인터뷰",,,https://jjalbang.today/files/jjalbox/2021/06/20210629_60dabc1cb8734.gif,,,,,,,,
"인터뷰,신설동,건조,날씨,물,노력","많이,마시",,https://jjalbang.today/files/jjalbox/2021/06/20210623_60d2f8f642d22.gif,,,,,,,,
"인터뷰,방이동,대학생,YTN,움짤","되,무척,떨리,설레",,https://jjalbang.today/files/jjalbox/2021/06/20210623_60d2f85be9eb0.gif,,,,,,,,
"마지막 키스,오징어,맹승지,인터뷰,박명수,무도,무한도전",못생기,,https://jjalbang.today/files/jjalbox/2021/09/20210923_614c20afa9f58.jpg,,,,,,,,
"런닝맨,거짓말,뒤통수,정웅인,표정",죽이,분노,https://jjalbang.today/files/jjalbox/2015/03/85_55169b977e65f_2780.jpg,,,,,,,,
"김민정,런닝맨,유재석,터치,여우,애교",끼,,https://jjalbang.today/files/jjalbox/2015/04/20150409_5525eedc16667.gif,,,,,,,,
"혀,혓바닥,송지효,런닝맨","내밀,메롱,낼름",,https://jjalbang.today/files/jjalbox/2018/01/20180111_5a56caf66063d.gif,,,,,,,,
"광수,기린,싸다구,런닝맨,뺨","싸대,촵,갈기,닥치",,https://jjalbang.today/files/jjalbox/2017/01/20170124_5886f1a28b62b.jpg,,,,,,,,
"최대,위기,김민정,애교,택시,스킨십,유재석,무한도전,움짤,유느님,런닝맨",,,https://jjalbang.today/files/jjalbox/2015/12/20151201_565cc205a2da8.gif,,,,,,,,
"이광수,당황,런닝맨","황당,어이없",,https://jjalbang.today/files/jjalbox/2016/08/20160819_57b5f3aaaf4f9.png,,,,,,,,
"광수,런닝맨,기린,계란,머리,장면","믿,않,황당,맞",,https://jjalbang.today/files/jjalbox/2017/01/20170124_5886ecdbb62b7.jpg,,,,,,,,
"런닝맨,광수,고래,필요,카메라,관광,미션,이광수","미천,찍,없",,https://jjalbang.today/files/jjalbox/2017/12/20171211_5a2e6389f4195.jpg,,,,,,,,
"발차기,광수,런닝맨,지효,제정신,송지효,런닝맨","닥치,그만",분노,https://jjalbang.today/files/jjalbox/2016/05/20160509_57306f8c4efd2.gif,,,,,,,,
"손예진,런닝맨,웃음,빵",터지,,https://jjalbang.today/files/jjalbox/2015/03/96_5516a20cac594_2363.gif,,,,,,,,
"런닝맨,광수","진짜,미치","혐오,분노",https://jjalbang.today/files/jjalbox/2015/03/87_55169d7cddad4_1239.jpg,,,,,,,,
"스트레스,런닝맨,개리,스트래스,화,짜증",,분노,https://jjalbang.today/files/jjalbox/2015/03/85_55169be69e34c_2749.gif,,,,,,,,
"런닝맨,광수,화남,표정",심,분노,https://jjalbang.today/files/jjalbox/2015/04/20150402_551d43e940fa1.jpg,,,,,,,,
"놀람,표정,런닝맨,송지효,당황",황당,,https://jjalbang.today/files/jjalbox/2015/03/89_55169e3917b5b_1570.jpg,,,,,,,,
"왕코,런닝맨,화나,짜증",열받,,https://jjalbang.today/files/jjalbox/2017/01/20170124_5886f172d68cb.jpg,,,,,,,,
"문채원,레전드,런닝맨,웃음,애교,이승기","예쁘,귀엽",,https://jjalbang.today/files/jjalbox/2018/08/20180827_5b8357f482947.gif,,,,,,,,
"화남,런닝맨,화나,짜증나","황당,열받",,https://jjalbang.today/files/jjalbox/2018/02/20180202_5a7345f30c851.jpg,,,,,,,,
"런닝맨,광수,짜증,화남,표정",,,https://jjalbang.today/files/jjalbox/2015/04/20150402_551d42744f5ae.jpg,,,,,,,,
"뚱땡이,런닝맨,보살,문희준,김종국",내려오,,https://jjalbang.today/files/jjalbox/2015/04/20150405_5520dab60498b.png,,,,,,,,
"런닝맨,손예진,엘리베이터",,,https://jjalbang.today/files/jjalbox/2015/03/96_5516a07846a4a_2472.gif,,,,,,,,
"스태프,멘탈붕괴,놀람,런닝맨,멘붕,멘탈","깜놀,나가",,https://jjalbang.today/files/jjalbox/2015/03/92_55169f1cc307c_1820.jpg,,,,,,,,
"꼴값,런닝맨,광수,유재석",떨고 있,,https://jjalbang.today/files/jjalbox/2020/10/20201016_5f89c1c881d72.gif,,,,,,,,
"류현진,런닝맨","부끄럽,부끄",,https://jjalbang.today/files/jjalbox/2015/03/94_55169f8ac7e9e_1901.jpg,,,,,,,,
"런닝맨,광수,진상",,,https://jjalbang.today/files/jjalbox/2021/06/20210629_60dacc14f3efd.jpg,,,,,,,,
"유재석,광수,런닝맨,싸다구","싸대,치",,https://jjalbang.today/files/jjalbox/2021/11/20211102_6180d38854157.gif,,,,,,,,
"런닝맨,유재석,벌레","잡,죄송",,https://jjalbang.today/files/jjalbox/2021/10/20211029_617bb9dde5f44.gif,,,,,,,,
"짜증,김구라,라디오스타,인상,잡소리","싫,뚱하,떫,닥쳐,애잔",,https://jjalbang.today/files/jjalbox/2016/08/20160817_57b42ad9eba28.jpg,,,,,,,,
"차오루,라디오스타,눈물,놀림","울,못생기",,https://jjalbang.today/files/jjalbox/2016/08/20160817_57b42dd77b41a.jpg,,,,,,,,
"박진영,주장,논리,쓰레기통,라디오스타,과거,후회",버리,,https://jjalbang.today/files/jjalbox/2016/08/20160817_57b43e3d7be1c.jpg,,,,,,,,
"고맙습니다,반어법,화남,화나,안정환,라디오스타","열받,좋",,https://jjalbang.today/files/jjalbox/2016/08/20160818_57b5175c60550.jpg,,,,,,,,
"김구라,차태현,라스,라디오스타,구멍,손가락,장난",,,https://jjalbang.today/files/jjalbox/2017/12/20171229_5a4515145f7d9.gif,,,,,,,,
"홍진경,라디오스타,농담,당황","정말,아니,빡,황당",,https://jjalbang.today/files/jjalbox/2016/08/20160817_57b3fe4e319a8.jpg,,,,,,,,
"강지영,라디오스타,눈물,카라",없,,https://jjalbang.today/files/jjalbox/2016/08/20160817_57b43ddec47f1.jpg,,,,,,,,
"볼,김국진,라디오스타","부,부끄럽,빨개지",,https://jjalbang.today/files/jjalbox/2015/03/94_55169f888a1ef_1903.jpg,,,,,,,,
"칭찬,김영철,특급,칭찬,라디오스타,패러디,김희애,짤방",,,https://jjalbang.today/files/jjalbox/2015/03/101_5516a0355fbdd_2109.jpg,,,,,,,,
"아름다운 세상,세상,김국진,칭찬,라디오스타","좋,좋아하",행복,https://jjalbang.today/files/jjalbox/2015/03/101_5516a021c425d_2136.jpg,,,,,,,,
"안정환,단호박,라디오스타,법정","단호,가,그만",,https://jjalbang.today/files/jjalbox/2016/08/20160818_57b5172f25df7.jpg,,,,,,,,
"여자,라디오스타,눈빛",그윽,,https://jjalbang.today/files/jjalbox/2015/04/20150402_551cd7c9656c2.jpg,,,,,,,,
"박명수,라디오스타",싫,,https://jjalbang.today/files/jjalbox/2016/09/20160901_57c7cf287cf68.jpg,,,,,,,,
"전진,라디오스타,인생,쫑",닥치,,https://jjalbang.today/files/jjalbox/2017/08/20170823_599d1d2a9ca89.jpg,,,,,,,,
"규현,라디오스타,화남,화","버럭,왜,이렇",,https://jjalbang.today/files/jjalbox/2016/08/20160812_57ad6dfd87cc3.png,,,,,,,,
"짜증,화,라스,라디오스타,장동민,화남",떠들,분노,https://jjalbang.today/files/jjalbox/2015/03/20150330_5518f80e5f827.jpg,,,,,,,,
"쓰레기,소리,짜증,화남,화나,라디오스타","하,말",분노,https://jjalbang.today/files/jjalbox/2018/09/20180922_5ba5cfbe3dfba.jpg,,,,,,,,
"장난,라디오스타",,,https://jjalbang.today/files/jjalbox/2015/03/88_55169dc7a9b36_1417.jpg,,,,,,,,
"말장난,라디오스타,흙",푸,,https://jjalbang.today/files/jjalbox/2016/09/20160901_57c7cc8e7deab.jpg,,,,,,,,
"의리,김보성,라디오스타",아니,,https://jjalbang.today/files/jjalbox/2015/03/100_5516a3c50215c_2074.jpg,,,,,,,,
"조세호,양배추,부정,부인,라스,라디오스타,발악","아니,아니야",,https://jjalbang.today/files/jjalbox/2021/06/20210608_60bf87355ee9e.jpg,,,,,,,,
"촛불,야구,방망이,한방,라디오스타,김국진,전설,박력,파워,스윙","끌,풀",,https://jjalbang.today/files/jjalbox/2020/10/20201012_5f84076225901.gif,,,,,,,,
"문화,충격,문화충격,라디오스타",,,https://jjalbang.today/files/jjalbox/2015/03/87_55169d4bc999a_2500.jpg,,,,,,,,
라디오스타,웃기,중립,https://jjalbang.today/files/jjalbox/2015/03/86_55169d112ae0b_1146.jpg,,,,,,,,
"김구라,라스,라디오스타","한심,애잔,떨떠름,못마땅",중립,https://jjalbang.today/files/jjalbox/2021/06/20210607_60bd87d19c1eb.jpg,,,,,,,,
"황정민,드루,일루,컴온,신세계,영화",,,https://jjalbang.today/files/jjalbox/2016/08/20160812_57adcaab2d38c.gif,,,,,,,,
"싸다구,한방,폭력,영화,내부자들,이경영","싸대,풀",,https://jjalbang.today/files/jjalbox/2018/01/20180122_5a659a17cfddc.gif,,,,,,,,
"칭찬,박수,레오나르도 디카프리오,디카프리오,영화,헐리우드","잘,좋",,https://jjalbang.today/files/jjalbox/2017/12/20171211_5a2e1a7378396.gif,,,,,,,,
"최민식,영화,악마를 보았다,악마,명대사,명장면","좋아하,보",,https://jjalbang.today/files/jjalbox/2018/06/20180620_5b29c7c276982.png,,,,,,,,
"영화,신세계,담배,날씨,좋은 날","가,괜찮,죽,딱",,https://jjalbang.today/files/jjalbox/2019/04/20190402_5ca2c2eb432ce.gif,,,,,,,,
"영화,신세계,나가리,낚시터,끝,명대사,최민식",망하,,https://jjalbang.today/files/jjalbox/2019/01/20190124_5c49786b88386.jpg,,,,,,,,
"변명,실미도,총,소총,군인,영화,설경구","비겁,하",,https://jjalbang.today/files/jjalbox/2015/04/20150406_5521e6895bd03.png,,,,,,,,
"영화,욕,자막,짜증,개새끼,미친놈,짜증,화남",,,https://jjalbang.today/files/jjalbox/2015/04/20150411_552925af15449.jpg,,,,,,,,
"화남,폭력,이소룡,주먹질,주먹,짜증,화나,영화,쿵후","때리,열받",,https://jjalbang.today/files/jjalbox/2016/07/20160718_578cb680112df.gif,,,,,,,,
"이병헌,내부자들,영화,손절,주식,비트코인",,,https://jjalbang.today/files/jjalbox/2017/12/20171218_5a3772b723c79.jpg,,,,,,,,
"쏘우,직쏘,게임을 시작하지,게임을시작하지,영화",,,https://jjalbang.today/files/jjalbox/2015/04/20150423_553897010f404.jpg,,,,,,,,
"신세계,영화,담배,명장면",괜찮,,https://jjalbang.today/files/jjalbox/2017/02/20170209_589bfda503131.gif,,,,,,,,
"영화,바람,양아치,손가락",,,https://jjalbang.today/files/jjalbox/2015/03/95_55169fab89a42_1959.jpg,,,,,,,,
"영화,움짤,바람,투자,주식,비트코인,주문,토토,투자",가즈아,,https://jjalbang.today/files/jjalbox/2017/12/20171217_5a3611f648c90.gif,,,,,,,,
"안습,짜증,영화,노인,그랜토리노,클린트,이스트우드,벌레","황당,한심",슬픔,https://jjalbang.today/files/jjalbox/2016/02/20160217_56c3cf5aa7f0e.gif,,,,,,,,
"인생,눈물,이병헌,영화,장면",달콤,,https://jjalbang.today/files/jjalbox/2019/04/20190402_5ca2c2ca4f88e.gif,,,,,,,,
"도움,왈도체,영화",,,https://jjalbang.today/files/jjalbox/2015/04/20150406_5522603a40c38.jpg,,,,,,,,
"싸움의 기술,영화,싸움의기술,피똥,백윤식",,,https://jjalbang.today/files/jjalbox/2016/10/20161011_57fc9a99c3ec8.jpg,,,,,,,,
"성룡,영화,엿,ㅗ,욕,박규,뻑큐,취권",,,https://jjalbang.today/files/jjalbox/2015/03/85_55169ca131fad_1070.jpg,,,,,,,,
"화나,마동석,짜증,화남,노리개,영화","말리,말,열받",분노,https://jjalbang.today/files/jjalbox/2015/03/85_55169c23f05f7_2680.jpg,,,,,,,,
"바람,영화,정우",울,슬픔,https://jjalbang.today/files/jjalbox/2015/03/93_55169f6dd7ebc_2369.jpg,,,,,,,,
"이병헌,내부자들,영화,라면,레전드,명장면,먹방",뜨겁,,https://jjalbang.today/files/jjalbox/2017/12/20171218_5a3781419c531.gif,,,,,,,,
"하정우,먹방,김,영화,황해",먹,,https://jjalbang.today/files/jjalbox/2015/03/108_55169bd9520b3_2762.jpg,,,,,,,,
"친절한 금자씨,영화,명대사,이영애","잘,닥치",,https://jjalbang.today/files/jjalbox/2017/12/20171220_5a39fdced3197.jpg,,,,,,,,
"이병헌,김영철,달콤한 인생,모욕감,명대사",,,https://jjalbang.today/files/jjalbox/2016/08/20160823_57bc13066b0a3.gif,,,,,,,,
"타짜,아귀,화투,영화,예림이,장,예림,호구,패",보,,https://jjalbang.today/files/jjalbox/2015/04/20150401_551bad5c24659.jpg,,,,,,,,
"람보,기관총,총,영화","쏘,죽,없",분노,https://jjalbang.today/files/jjalbox/2015/04/20150409_5525e2fb78cf2.jpg,,,,,,,,
"하와이,영화,친구,장동건,명대사",,중립,https://jjalbang.today/files/jjalbox/2016/08/20160823_57bc1368b7170.gif,,,,,,,,
"칭찬,박수,차승원,영화",,,https://jjalbang.today/files/jjalbox/2015/03/101_5516a02a57eeb_2127.gif,,,,,,,,
"레전드,영화,??",,,https://jjalbang.today/files/jjalbox/2015/03/87_55169d565acf8_1303.jpg,,,,,,,,
"커플,솔로,테이큰,전화,영화,taken,리암 니슨","찾,죽",,https://jjalbang.today/files/jjalbox/2015/03/90_55169e741ca9f_2657.jpg,,,,,,,,
"김윤석,지랄,어이상실,담배,영화,빗소리 ,개소리","황당,어이없",,https://jjalbang.today/files/jjalbox/2017/01/20170131_58902632599d8.gif,,,,,,,,
"먹방,하정우,영화,황해,고기,닭고기",먹,,https://jjalbang.today/files/jjalbox/2015/03/108_55169bd7b8201_2768.gif,,,,,,,,
"서부,영화,카우보이,노답","절레절레,절레,답이없다",,https://jjalbang.today/files/jjalbox/2017/12/20171206_5a27d1906528a.gif,,,,,,,,
"돈,마약왕,송강호,영화,돈,뿌리",,,https://jjalbang.today/files/jjalbox/2019/01/20190114_5c3c8c16b49cd.gif,,,,,,,,
"고백,영화,손예진,정우성,소주,한잔,머리속,지우개","사귀,",,https://jjalbang.today/files/jjalbox/2019/01/20190120_5c435ed437b55.gif,,,,,,,,
"라면,내부자들,영화,먹방,이병헌,젓가락",먹,,https://jjalbang.today/files/jjalbox/2016/08/20160817_57b4646b7defe.gif,,,,,,,,
"미만잡,정우성,비트,오토바이,호구,바이크,헬멧,영화",잘생기,,https://jjalbang.today/files/jjalbox/2016/07/20160714_5787704c46092.gif,,,,,,,,
"영화,타짜,아귀,정마담,고니,밑장빼기,예림이,호구,해머",,,https://jjalbang.today/files/jjalbox/2016/08/20160823_57bc13a7ac45c.gif,,,,,,,,
"범죄도시,마동석,형사,조폭,영화",때리,,https://jjalbang.today/files/jjalbox/2017/12/20171229_5a450a921dc97.jpg,,,,,,,,
"김윤석,돼지뼈,황해,영화",떄리,,https://jjalbang.today/files/jjalbox/2018/02/20180202_5a734678e3d30.jpg,,,,,,,,
"영화,활,활쏘기,추격,최종병기 활,류승룡",잡,,https://jjalbang.today/files/jjalbox/2015/04/20150403_551e65b253ba8.jpg,,,,,,,,
"콘스탄틴,ㅗ,뻑큐,가운데,욕,천국,악마,영화",,중립,https://jjalbang.today/files/jjalbox/2016/11/20161130_583da7b1c5d0c.gif,,,,,,,,
"스티븐 시걸,총,액션,영화,권총",,,https://jjalbang.today/files/jjalbox/2015/08/20150818_55d20c84b75e0.jpg,,,,,,,,
"이병헌,영화,욕,씨발놈,ㅅㅂ,ㅆㅂㄴㅁ,ㅆㅂ,내부자들",,,https://jjalbang.today/files/jjalbox/2018/09/20180927_5bac4d84d7415.gif,,,,,,,,
"영화,올드보이,최민식,누구,너",,놀람,https://jjalbang.today/files/jjalbox/2016/08/20160823_57bc146fcfd27.gif,,,,,,,,
"내부자들,국민,개,돼지,이강희,영화,개돼지","짖,조용",,https://jjalbang.today/files/jjalbox/2016/04/20160404_5701dc44106fa.jpg,,,,,,,,
"우아한 세계,세계,송강호,물벼락,물,영화","우아,닥치",,https://jjalbang.today/files/jjalbox/2015/04/20150402_551cd8a6eb193.jpg,,,,,,,,
"악마를보았다,악마를 보았다,영화,최민식,살인자,살인",,중립,https://jjalbang.today/files/jjalbox/2018/09/20180927_5bac4f495aa35.png,,,,,,,,
"멱살,임창정,스카우트,영화,어쩌라고","그만,목잡","공포,분노",https://jjalbang.today/files/jjalbox/2015/03/90_55169e81de14d_2531.jpg,,,,,,,,
"팝콘,영화관,드라마",빡,놀람,https://jjalbang.today/files/jjalbox/2015/03/85_55169b4c7c2b5_2827.jpg,,,,,,,,
"황해,김윤석,전화,영화",,중립,https://jjalbang.today/files/jjalbox/2018/02/20180202_5a7346b2cad7b.jpg,,,,,,,,
"하정우,먹방,영화,범죄와의 전쟁,범죄,전쟁,회,소주,초밥",,,https://jjalbang.today/files/jjalbox/2015/03/108_55169bd53c7d9_2764.gif,,,,,,,,
"좌절,머리,영화,강동원",쥐,,https://jjalbang.today/files/jjalbox/2015/03/92_55169f21f2da3_1816.jpg,,,,,,,,
"바람,영화,고딩,일진,안대","그러면,그렇게",,https://jjalbang.today/files/jjalbox/2015/04/20150430_5542293aa5f1e.jpg,,,,,,,,
"영화,친구,아버지,건달",뭐하,,https://jjalbang.today/files/jjalbox/2016/08/20160823_57bc128edbab1.gif,,,,,,,,
"눈물,이병헌,영화,악마를 보았다,악마를보았다,울음",,"슬픔,분노",https://jjalbang.today/files/jjalbox/2018/09/20180927_5bac4e7aca861.gif,,,,,,,,
"게이,영화,솔로",,,https://jjalbang.today/files/jjalbox/2015/03/95_55169fc17bbe7_1923.jpg,,,,,,,,
"이병헌,김영철,달콤한 인생,모욕감,명대사",,,https://jjalbang.today/files/jjalbox/2015/03/87_55169d619cbd7_1281.jpg,,,,,,,,
"화,발차기,송강호,영화,살인의 추억,살인의추억,강간","닥치,그만",분노,https://jjalbang.today/files/jjalbox/2016/07/20160711_5783717085df3.gif,,,,,,,,
"지랄,영화,모건 프리먼,모건,프리먼",,중립,https://jjalbang.today/files/jjalbox/2015/03/90_55169c2676144_2675.jpg,,,,,,,,
"밥,살인의 추억,살인의추억,영화,송강호","먹,다니",,https://jjalbang.today/files/jjalbox/2016/08/20160823_57bc12e999567.gif,,,,,,,,
"김부선,영화,권상우,분식집","하,싶,다하",,https://jjalbang.today/files/jjalbox/2018/06/20180604_5b1512e41c0fe.png,,,,,,,,
"방탄유리,방탄,아저씨,영화",,혐오,https://jjalbang.today/files/jjalbox/2015/03/102_55169bee2f51f_2742.jpg,,,,,,,,
"가즈아,영화,바람",,,https://jjalbang.today/files/jjalbox/2017/12/20171215_5a33693e35269.jpg,,,,,,,,
"영화,짜증,욕,개새끼,ㄱㅅㄲ",,,https://jjalbang.today/files/jjalbox/2015/04/20150430_554224d57c540.jpg,,,,,,,,
"싸움,하이킥,한방,발차기,격투기,영화,이병헌",꺼지,,https://jjalbang.today/files/jjalbox/2018/06/20180622_5b2cfe2a65a46.gif,,,,,,,,
"하정우,먹방,소시지,편의점,황해,영화",먹,,https://jjalbang.today/files/jjalbox/2015/03/108_55169bcfd8bd2_2773.gif,,,,,,,,
"공포,미저리,영화,스토킹,해머,뼈","무섭,끔직",분고,https://jjalbang.today/files/jjalbox/2016/08/20160824_57bd20461975e.gif,,,,,,,,
"뒷통수,해바라기,영화,화상","맞,죽",,https://jjalbang.today/files/jjalbox/2018/01/20180103_5a4cbed520f86.gif,,,,,,,,
"영화,사실",,중립,https://jjalbang.today/files/jjalbox/2015/04/20150423_5538966b4734d.jpg,,,,,,,,
"스미스,매트릭스,영화,바이러스,질병,암,인간",,,https://jjalbang.today/files/jjalbox/2017/12/20171215_5a3338fe350cb.jpg,,,,,,,,
"사랑,영화,봄날은 간다,유지태,명대사","어떻게,변하",,https://jjalbang.today/files/jjalbox/2016/08/20160823_57bc13f70f91a.gif,,,,,,,,
"영화,남자",힘들,,https://jjalbang.today/files/jjalbox/2015/04/20150406_5521e8a62e498.jpg,,,,,,,,
"한가위,추석,인사,인사말,명절,0칼로리,다이어트,",맛있,,https://jjalbang.today/files/jjalbox/2018/09/20180923_5ba6c68adfefd.jpg,,,,,,,,
"원빈,아저씨,영화,권총,총",쏘,,https://jjalbang.today/files/jjalbox/2018/06/20180619_5b290aaaad2c0.jpg,,,,,,,,
"새해,인사,복,복주머니,장첸",받,,https://jjalbang.today/files/jjalbox/2018/12/20181231_5c298f2a3cf94.png,,,,,,,,
"신세계,영화,정청,윙크",,,https://jjalbang.today/files/jjalbox/2020/09/20200915_5f60a5a9d6f0a.gif,,,,,,,,
"엄지,영화,손가락",,,https://jjalbang.today/files/jjalbox/2015/04/20150409_5525e2bd4a90e.jpg,,,,,,,,
"곡성,경찰",황당,,https://jjalbang.today/files/jjalbox/2016/07/20160714_5786fa4c157c4.gif,,,,,,,,
"택시,송강호,운전사,영화,위치",,,https://jjalbang.today/files/jjalbox/2021/06/20210604_60ba2a3c84c76.gif,,,,,,,,
"영화,봄날,라면",먹,,https://jjalbang.today/files/jjalbox/2016/08/20160823_57bc142a6ea0f.gif,,,,,,,,
"오징어,캐리비안,해적,선장,영화",못생기,,https://jjalbang.today/files/jjalbox/2017/12/20171224_5a3f3a944d467.jpg,,,,,,,,
"영화,먹방","먹,뜨겁",,https://jjalbang.today/files/jjalbox/2016/08/20160812_57ad849f9352a.gif,,,,,,,,
"담배,최민식,영화,흡연",,,https://jjalbang.today/files/jjalbox/2020/09/20200918_5f64363b5a220.gif,,,,,,,,
"인정,오케이,ok,영화",,행복,https://jjalbang.today/files/jjalbox/2015/04/20150424_553a122215e74.gif,,,,,,,,
"이병헌,달콤한인생","왜,그렇",,https://jjalbang.today/files/jjalbox/2021/06/20210615_60c855ddda368.jpg,,,,,,,,
"이놈,노무,자슥,자식,영화,범죄,최민식",,분노,https://jjalbang.today/files/jjalbox/2021/08/20210805_610b88f184e41.gif,,,,,,,,
"쿵푸허슬,아줌마,싸다구,주성치,영화","꺼지,비키",,https://jjalbang.today/files/jjalbox/2020/12/20201222_5fe1d41021232.gif,,,,,,,,
"악마를보았다,최민식,영화,화장실,폭행,화남,폭력","빡,가만,안,두",분노,https://jjalbang.today/files/jjalbox/2021/06/20210616_60c9f537dc16d.gif,,,,,,,,
"달콤한인생,이병헌,모욕감,영화",,슬픔,https://jjalbang.today/files/jjalbox/2021/06/20210615_60c84f7c6e61c.jpg,,,,,,,,
"최민식,악마를보았다,살인,영화,범죄","좋아하,안되",,https://jjalbang.today/files/jjalbox/2021/06/20210615_60c85aa4453cb.gif,,,,,,,,
"아메리칸,스타일,극한직업,영화,미국,놀라움",깜놀,놀람,https://jjalbang.today/files/jjalbox/2021/08/20210802_6107978d9f2a0.gif,,,,,,,,
"최민식,악마를보았다,화난",,분노,https://jjalbang.today/files/jjalbox/2021/06/20210615_60c8593aea3fc.gif,,,,,,,,
"송강호,관상,회환,후회,절망,영화",,슬픔,https://jjalbang.today/files/jjalbox/2021/06/20210604_60ba2f53ea199.gif,,,,,,,,
"다이어트,포기,부귀영화,돼지",살빼,,https://jjalbang.today/files/jjalbox/2021/06/20210609_60c0442067fa2.jpg,,,,,,,,
"영화,오마이갓,맙소사,오 마이 갓",,놀람,https://jjalbang.today/files/jjalbox/2015/04/20150410_5527b7f149e4d.gif,,,,,,,,
"하정우,먹방,파,군도,민란,영화",,,https://jjalbang.today/files/jjalbox/2020/09/20200915_5f60a262ec9af.gif,,,,,,,,
"신세계,비밀,귓속말",,,https://jjalbang.today/files/jjalbox/2021/05/20210530_60b374b2e3ac7.jpg,,,,,,,,
"기생충,송강호,화남,무시",떨떠름,분노,https://jjalbang.today/files/jjalbox/2021/06/20210604_60ba304bd1903.gif,,,,,,,,
"곽철용,타짜,김응수,더블,떠블,명대사",묻,,https://jjalbang.today/files/jjalbox/2021/06/20210608_60bf28e569961.gif,,,,,,,,
의,,"분노,슬픔",https://jjalbang.today/files/jjalbox/2015/03/100_5516a3bfdc6b9_2086.jpg,,,,,,,,
"밥,살인의 추억,살인의추억,영화,송강호",,,https://jjalbang.today/files/jjalbox/2021/06/20210604_60ba2b58a48af.gif,,,,,,,,
불철주야,뺑,,https://jjalbang.today/files/jjalbox/2021/12/20211212_61b5751069e0a.gif,,,,,,,,
,,"중립,분노,놀람,공포",https://jjalbang.today/files/jjalbox/2021/06/20210615_60c859fb7bdf0.gif,,,,,,,,
"해바라기,오태식,김래원,격투",,분노,https://jjalbang.today/files/jjalbox/2021/06/20210615_60c855545844b.png,,,,,,,,
"원빈,아저씨,한발,권총,방탄유리,총",쏘,분노,https://jjalbang.today/files/jjalbox/2021/10/20211012_6165baf556c63.gif,,,,,,,,
"김희원,아저씨,화남,폭발,포효","빡,으아아아",분노,https://jjalbang.today/files/jjalbox/2021/10/20211012_6165b5bf4f5bd.jpg,,,,,,,,
부귀영화,"열받,보,누리",,https://jjalbang.today/files/jjalbox/2021/05/20210530_60b3cb13d1847.jpg,,,,,,,,
원티드,꺼지,,https://jjalbang.today/files/jjalbox/2021/10/20211019_616ec71b7503b.gif,,,,,,,,
"무한도전,무도,정형돈,화남,짜증,성질","열받,확,차",분노,https://jjalbang.today/files/jjalbox/2015/03/85_55169c24c2ecc_2678.jpg,,,,,,,,
"이경규,어른,얘기",닥치,,https://jjalbang.today/files/jjalbox/2016/08/20160812_57adc3f48bf4c.jpg,,,,,,,,
"입,변호사,유재석","닫,죄송",,https://jjalbang.today/files/jjalbox/2016/08/20160817_57b42cb8da3cf.jpg,,,,,,,,
"뇌피셜,진중권","알,황당,척척",,https://jjalbang.today/files/jjalbox/2022/01/20220113_61dfc038a788d.gif,,,,,,,,
"싸움의 기술,싸움,기술,백윤식,새끼,ㅅㄲ,화남",,분노,https://jjalbang.today/files/jjalbox/2022/01/20220113_61dfbeb649acc.gif,,,,,,,,
"해바라기,오태식,김래원,씹쌔끼,욕",,"분노,슬픔,혐오",https://jjalbang.today/files/jjalbox/2022/01/20220112_61dec8183c242.jpg,,,,,,,,
,,놀람,https://jjalbang.today/files/jjalbox/2022/01/20220112_61de9985cb56d.gif,,,,,,,,
"뭐,?",황당,,https://jjalbang.today/files/jjalbox/2022/01/20220112_61de954e8cc7f.gif,,,,,,,,
"조까,좃까,좆까,엿,엿이나 먹어,빅엿,뻑큐",,,https://jjalbang.today/files/jjalbox/2022/01/20220112_61de96c5108a2.jpg,,,,,,,,
"뭐,박하선",황당,혐오,https://jjalbang.today/files/jjalbox/2022/01/20220112_61de94d9aef5e.gif,,,,,,,,
"타짜,화투,고광렬,유해진,고광열",,,https://jjalbang.today/files/jjalbox/2022/01/20220112_61de9134bc6a0.gif,,,,,,,,
"폐업,백종원,골목식당,종료,엉망",그만, 혐오,https://jjalbang.today/files/jjalbox/2022/01/20220105_61d5817a3f235.jpg,,,,,,,,
"비웃음,풉,풋,웃음",참,,https://jjalbang.today/files/jjalbox/2022/01/20220104_61d3fe0c7eda3.jpeg,,,,,,,,
박하선,"황당,꺼지,닥치",혐오,https://jjalbang.today/files/jjalbox/2022/01/20220104_61d3f97f60eee.jpg,,,,,,,,
"내 아임니다,내아임니다,조선족,범죄도시",,,https://jjalbang.today/files/jjalbox/2022/01/20220103_61d27afb48e21.jpg,,,,,,,,
"오징어,솔로,놀림",못생기,,https://jjalbang.today/files/jjalbox/2022/01/20220103_61d27baa6c019.gif,,,,,,,,
"밥상,회식","뒤집,엎",분노,https://jjalbang.today/files/jjalbox/2022/01/20220103_61d28e972ea23.gif,,,,,,,,
"거짓말,박명수,무한도전,무도",,,https://jjalbang.today/files/jjalbox/2021/12/20211226_61c821ef6fbc5.jpg,,,,,,,,
"거짓말,하하,무도,무한도전",,,https://jjalbang.today/files/jjalbox/2021/12/20211226_61c81e3a9db7b.jpg,,,,,,,,
"거짓말,유재석,무도,무한도전,솔직",,,https://jjalbang.today/files/jjalbox/2021/12/20211226_61c81ddb85f6e.jpg,,,,,,,,
"거짓말,유재석,무도,무한도전,솔직,입열구",열,,https://jjalbang.today/files/jjalbox/2021/12/20211226_61c81e12490c9.jpg,,,,,,,,
"거짓말,유재석,무도,무한도전,솔직",,,https://jjalbang.today/files/jjalbox/2021/12/20211226_61c81daf6b362.jpg,,,,,,,,
"하지마,개새끼,스톱,stop,조선족,범죄도시,욕",,분노,https://jjalbang.today/files/jjalbox/2021/11/20211126_61a06d505df8e.png,,,,,,,,
